2026-08-05T18:14:18.095749Z  INFO herdr::api::server: api server listening path=/home/mateusdalligna/.config/herdr/herdr.sock
2026-08-05T18:14:18.097107Z  INFO herdr::app: using pane scrollback configuration pane_scrollback_limit_bytes=10000000
2026-08-05T18:14:18.136884Z  INFO herdr::logging: checking for updates event="update.check.start" subsystem="update" outcome="started"
2026-08-05T18:14:18.138518Z  INFO herdr::logging: spawning pane terminal event="pane.spawn.start" subsystem="pane" outcome="started" pane_id=1 rows=24 cols=80 scrollback_limit_bytes=10000000
2026-08-05T18:14:18.139282Z  INFO herdr::logging: pane child spawned event="pane.spawned" subsystem="pane" outcome="ok" pane_id=1 pid=9115
2026-08-05T18:14:18.139461Z  INFO herdr::logging: workspace created event="workspace.create" subsystem="workspace" outcome="ok" workspace_id="w1" pane_id=1
2026-08-05T18:14:18.139471Z  INFO herdr::logging: workspace focused event="workspace.focus" subsystem="workspace" outcome="ok" workspace_id="w1"
2026-08-05T18:14:18.139488Z  INFO herdr::logging: tab focused event="tab.focus" subsystem="tab" outcome="ok" workspace_id="w1" tab_id="w1:t1"
2026-08-05T18:14:18.139497Z  INFO herdr::server::headless: created startup workspace cwd=/home/mateusdalligna
2026-08-05T18:14:18.139551Z  INFO herdr::server::headless: client protocol socket listening path=/home/mateusdalligna/.config/herdr/herdr-client.sock
2026-08-05T18:14:18.139574Z  INFO herdr::server::headless: herdr server started api_socket=/home/mateusdalligna/.config/herdr/herdr.sock client_socket=/home/mateusdalligna/.config/herdr/herdr-client.sock
2026-08-05T18:14:18.139753Z  INFO herdr::logging: herdr starting event="app.startup" subsystem="server" outcome="started" pid=9091
2026-08-05T18:14:18.157344Z  INFO herdr::server::headless: client connected client_id=2 cols=183 rows=39 cell_width_px=0 cell_height_px=0 render_encoding=SemanticFrame
2026-08-05T18:14:18.394335Z  INFO herdr::logging: update available event="update.available" subsystem="update" outcome="ok" version="0.8.0"
2026-08-05T18:14:18.394355Z  INFO herdr::update: new stable build available at https://github.com/herdrdev/herdr/releases/download/v0.8.0/herdr-linux-x86_64
2026-08-05T18:14:18.394499Z  INFO herdr::update: auto-update check: 0.8.0 available, waiting for explicit install
2026-08-05T18:14:23.141299Z  INFO herdr::logging: session saved event="persist.save" subsystem="persist" outcome="ok" path=/home/mateusdalligna/.config/herdr/session.json workspaces=1
2026-08-05T18:14:25.424655Z  INFO herdr::logging: spawning pane terminal event="pane.spawn.start" subsystem="pane" outcome="started" pane_id=2 rows=38 cols=157 scrollback_limit_bytes=10000000
2026-08-05T18:14:25.426330Z  INFO herdr::logging: pane child spawned event="pane.spawned" subsystem="pane" outcome="ok" pane_id=2 pid=9286
2026-08-05T18:14:25.426617Z  INFO herdr::logging: tab focused event="tab.focus" subsystem="tab" outcome="ok" workspace_id="w1" tab_id="w1:t2"
2026-08-05T18:14:29.401202Z  INFO herdr::logging: spawning pane terminal event="pane.spawn.start" subsystem="pane" outcome="started" pane_id=3 rows=38 cols=157 scrollback_limit_bytes=10000000
2026-08-05T18:14:29.403048Z  INFO herdr::logging: pane child spawned event="pane.spawned" subsystem="pane" outcome="ok" pane_id=3 pid=9374
2026-08-05T18:14:29.403318Z  INFO herdr::logging: tab focused event="tab.focus" subsystem="tab" outcome="ok" workspace_id="w1" tab_id="w1:t2"
2026-08-05T18:14:34.342070Z  INFO herdr::server::headless: client disconnected client_id=2
2026-08-05T18:14:37.715001Z  INFO herdr::logging: session saved event="persist.save" subsystem="persist" outcome="ok" path=/home/mateusdalligna/.config/herdr/session.json workspaces=1
2026-08-05T18:37:10.985908Z  INFO herdr::server::headless: client connected client_id=4 cols=88 rows=39 cell_width_px=0 cell_height_px=0 render_encoding=SemanticFrame
2026-08-05T18:37:13.370041Z  INFO herdr::logging: pane child exited event="pane.exit" subsystem="pane" outcome="completed" pane_id=3 status="ExitStatus { code: 1, signal: None }"
2026-08-05T18:37:13.373641Z  INFO herdr::pane: pane session terminated pane=3 pid=9374 signal=Hangup
2026-08-05T18:37:13.373780Z  WARN herdr::app::actions: PaneDied for unknown pane pane=3
2026-08-05T18:37:18.375335Z  INFO herdr::logging: session saved event="persist.save" subsystem="persist" outcome="ok" path=/home/mateusdalligna/.config/herdr/session.json workspaces=1
2026-08-05T18:37:20.137803Z  INFO herdr::pane: agent changed pane=2 previous_agent=None agent=Some(OpenCode) process=opencode pgid=Some(21168)
2026-08-05T18:46:02.747139Z  INFO herdr::logging: tab focused event="tab.focus" subsystem="tab" outcome="ok" workspace_id="w1" tab_id="w1:t1"
2026-08-05T18:46:07.749255Z  INFO herdr::logging: session saved event="persist.save" subsystem="persist" outcome="ok" path=/home/mateusdalligna/.config/herdr/session.json workspaces=1
2026-08-05T18:46:08.235705Z  INFO herdr::logging: tab focused event="tab.focus" subsystem="tab" outcome="ok" workspace_id="w1" tab_id="w1:t2"
2026-08-05T18:46:13.271495Z  INFO herdr::logging: session saved event="persist.save" subsystem="persist" outcome="ok" path=/home/mateusdalligna/.config/herdr/session.json workspaces=1
2026-08-05T18:48:09.785991Z  INFO herdr::pane: agent changed pane=2 previous_agent=Some(OpenCode) agent=None pgid=Some(9286)
2026-08-05T18:48:13.296672Z  INFO herdr::pane: agent changed pane=2 previous_agent=None agent=Some(OpenCode) process=opencode pgid=Some(23770)
2026-08-05T18:51:46.117768Z  INFO herdr::logging: tab focused event="tab.focus" subsystem="tab" outcome="ok" workspace_id="w1" tab_id="w1:t1"
2026-08-05T18:51:46.173711Z  INFO herdr::logging: tab focused event="tab.focus" subsystem="tab" outcome="ok" workspace_id="w1" tab_id="w1:t2"
2026-08-05T18:51:46.214258Z  INFO herdr::logging: tab focused event="tab.focus" subsystem="tab" outcome="ok" workspace_id="w1" tab_id="w1:t1"
2026-08-05T18:51:46.245646Z  INFO herdr::logging: tab focused event="tab.focus" subsystem="tab" outcome="ok" workspace_id="w1" tab_id="w1:t2"
2026-08-05T18:51:46.285660Z  INFO herdr::logging: tab focused event="tab.focus" subsystem="tab" outcome="ok" workspace_id="w1" tab_id="w1:t1"
2026-08-05T18:51:47.670655Z  INFO herdr::logging: tab focused event="tab.focus" subsystem="tab" outcome="ok" workspace_id="w1" tab_id="w1:t2"
2026-08-05T18:51:52.673102Z  INFO herdr::logging: session saved event="persist.save" subsystem="persist" outcome="ok" path=/home/mateusdalligna/.config/herdr/session.json workspaces=1
2026-08-05T19:05:52.029100Z  INFO herdr::logging: tab focused event="tab.focus" subsystem="tab" outcome="ok" workspace_id="w1" tab_id="w1:t1"
2026-08-05T19:05:57.032155Z  INFO herdr::logging: session saved event="persist.save" subsystem="persist" outcome="ok" path=/home/mateusdalligna/.config/herdr/session.json workspaces=1
2026-08-05T19:07:02.519821Z  INFO herdr::server::headless: client resize client_id=4 cols=91 rows=39 cell_width_px=0 cell_height_px=0
2026-08-05T19:07:02.720037Z  INFO herdr::server::headless: client resize client_id=4 cols=94 rows=39 cell_width_px=0 cell_height_px=0
2026-08-05T19:07:02.920228Z  INFO herdr::server::headless: client resize client_id=4 cols=97 rows=39 cell_width_px=0 cell_height_px=0
2026-08-05T19:07:03.020325Z  INFO herdr::server::headless: client resize client_id=4 cols=100 rows=39 cell_width_px=0 cell_height_px=0
2026-08-05T19:07:03.220547Z  INFO herdr::server::headless: client resize client_id=4 cols=103 rows=39 cell_width_px=0 cell_height_px=0
2026-08-05T19:13:07.585966Z  INFO herdr::server::headless: client resize client_id=4 cols=183 rows=39 cell_width_px=0 cell_height_px=0
2026-08-05T19:16:23.201266Z  INFO herdr::logging: tab focused event="tab.focus" subsystem="tab" outcome="ok" workspace_id="w1" tab_id="w1:t2"
2026-08-05T19:16:24.506322Z  INFO herdr::logging: tab focused event="tab.focus" subsystem="tab" outcome="ok" workspace_id="w1" tab_id="w1:t1"
2026-08-05T19:16:26.473328Z  INFO herdr::logging: tab focused event="tab.focus" subsystem="tab" outcome="ok" workspace_id="w1" tab_id="w1:t2"
2026-08-05T19:16:31.508749Z  INFO herdr::logging: session saved event="persist.save" subsystem="persist" outcome="ok" path=/home/mateusdalligna/.config/herdr/session.json workspaces=1
2026-08-05T19:17:13.295738Z  INFO herdr::logging: tab focused event="tab.focus" subsystem="tab" outcome="ok" workspace_id="w1" tab_id="w1:t1"
2026-08-05T19:17:18.331743Z  INFO herdr::logging: session saved event="persist.save" subsystem="persist" outcome="ok" path=/home/mateusdalligna/.config/herdr/session.json workspaces=1
2026-08-05T19:26:10.445714Z  INFO herdr::logging: tab focused event="tab.focus" subsystem="tab" outcome="ok" workspace_id="w1" tab_id="w1:t2"
2026-08-05T19:26:15.448974Z  INFO herdr::logging: session saved event="persist.save" subsystem="persist" outcome="ok" path=/home/mateusdalligna/.config/herdr/session.json workspaces=1
2026-08-05T19:26:45.518504Z  INFO herdr::logging: tab focused event="tab.focus" subsystem="tab" outcome="ok" workspace_id="w1" tab_id="w1:t1"
2026-08-05T19:26:50.554659Z  INFO herdr::logging: session saved event="persist.save" subsystem="persist" outcome="ok" path=/home/mateusdalligna/.config/herdr/session.json workspaces=1
2026-08-05T19:35:24.362122Z  INFO herdr::logging: spawning pane terminal event="pane.spawn.start" subsystem="pane" outcome="started" pane_id=4 rows=38 cols=157 scrollback_limit_bytes=10000000
2026-08-05T19:35:24.363259Z  INFO herdr::logging: pane child spawned event="pane.spawned" subsystem="pane" outcome="ok" pane_id=4 pid=98919
2026-08-05T19:35:24.363472Z  INFO herdr::logging: tab focused event="tab.focus" subsystem="tab" outcome="ok" workspace_id="w1" tab_id="w1:t1"
2026-08-05T19:35:29.399423Z  INFO herdr::logging: session saved event="persist.save" subsystem="persist" outcome="ok" path=/home/mateusdalligna/.config/herdr/session.json workspaces=1
2026-08-05T19:35:53.786414Z  INFO herdr::logging: tab focused event="tab.focus" subsystem="tab" outcome="ok" workspace_id="w1" tab_id="w1:t2"
2026-08-05T19:35:58.821810Z  INFO herdr::logging: session saved event="persist.save" subsystem="persist" outcome="ok" path=/home/mateusdalligna/.config/herdr/session.json workspaces=1
2026-08-05T19:36:12.282384Z  INFO herdr::logging: tab focused event="tab.focus" subsystem="tab" outcome="ok" workspace_id="w1" tab_id="w1:t1"
2026-08-05T19:36:17.284431Z  INFO herdr::logging: session saved event="persist.save" subsystem="persist" outcome="ok" path=/home/mateusdalligna/.config/herdr/session.json workspaces=1
2026-08-05T19:38:26.795260Z  INFO herdr::logging: tab focused event="tab.focus" subsystem="tab" outcome="ok" workspace_id="w1" tab_id="w1:t2"
2026-08-05T19:38:31.798122Z  INFO herdr::logging: session saved event="persist.save" subsystem="persist" outcome="ok" path=/home/mateusdalligna/.config/herdr/session.json workspaces=1
2026-08-05T19:38:34.579491Z  INFO herdr::logging: tab focused event="tab.focus" subsystem="tab" outcome="ok" workspace_id="w1" tab_id="w1:t1"
2026-08-05T19:38:39.583135Z  INFO herdr::logging: session saved event="persist.save" subsystem="persist" outcome="ok" path=/home/mateusdalligna/.config/herdr/session.json workspaces=1
2026-08-05T19:40:37.468508Z  INFO herdr::logging: tab focused event="tab.focus" subsystem="tab" outcome="ok" workspace_id="w1" tab_id="w1:t2"
2026-08-05T19:40:42.503511Z  INFO herdr::logging: session saved event="persist.save" subsystem="persist" outcome="ok" path=/home/mateusdalligna/.config/herdr/session.json workspaces=1
2026-08-05T19:41:31.633300Z  INFO herdr::logging: tab focused event="tab.focus" subsystem="tab" outcome="ok" workspace_id="w1" tab_id="w1:t1"
2026-08-05T19:41:36.635114Z  INFO herdr::logging: session saved event="persist.save" subsystem="persist" outcome="ok" path=/home/mateusdalligna/.config/herdr/session.json workspaces=1
2026-08-05T19:42:38.649646Z  INFO herdr::app::actions: copied selection to clipboard
2026-08-05T19:42:41.977794Z  INFO herdr::logging: tab focused event="tab.focus" subsystem="tab" outcome="ok" workspace_id="w1" tab_id="w1:t1"
2026-08-05T19:42:42.913795Z  INFO herdr::logging: tab focused event="tab.focus" subsystem="tab" outcome="ok" workspace_id="w1" tab_id="w1:t1"
2026-08-05T19:42:43.425821Z  INFO herdr::logging: tab focused event="tab.focus" subsystem="tab" outcome="ok" workspace_id="w1" tab_id="w1:t1"
2026-08-05T19:42:43.777735Z  INFO herdr::logging: tab focused event="tab.focus" subsystem="tab" outcome="ok" workspace_id="w1" tab_id="w1:t1"
2026-08-05T19:42:44.641755Z  INFO herdr::logging: tab focused event="tab.focus" subsystem="tab" outcome="ok" workspace_id="w1" tab_id="w1:t1"
2026-08-05T19:42:45.057811Z  INFO herdr::logging: tab focused event="tab.focus" subsystem="tab" outcome="ok" workspace_id="w1" tab_id="w1:t1"
2026-08-05T19:42:50.096765Z  INFO herdr::logging: session saved event="persist.save" subsystem="persist" outcome="ok" path=/home/mateusdalligna/.config/herdr/session.json workspaces=1
2026-08-05T19:46:48.068705Z  INFO herdr::logging: tab focused event="tab.focus" subsystem="tab" outcome="ok" workspace_id="w1" tab_id="w1:t1"
2026-08-05T19:46:48.484642Z  INFO herdr::logging: tab focused event="tab.focus" subsystem="tab" outcome="ok" workspace_id="w1" tab_id="w1:t1"
2026-08-05T19:46:50.111533Z  INFO herdr::logging: tab focused event="tab.focus" subsystem="tab" outcome="ok" workspace_id="w1" tab_id="w1:t2"
2026-08-05T19:46:55.114947Z  INFO herdr::logging: session saved event="persist.save" subsystem="persist" outcome="ok" path=/home/mateusdalligna/.config/herdr/session.json workspaces=1
2026-08-05T19:48:07.288287Z  INFO herdr::logging: tab focused event="tab.focus" subsystem="tab" outcome="ok" workspace_id="w1" tab_id="w1:t1"
2026-08-05T19:48:11.253813Z  INFO herdr::logging: tab focused event="tab.focus" subsystem="tab" outcome="ok" workspace_id="w1" tab_id="w1:t1"
2026-08-05T19:48:16.259142Z  INFO herdr::logging: session saved event="persist.save" subsystem="persist" outcome="ok" path=/home/mateusdalligna/.config/herdr/session.json workspaces=1
2026-08-05T19:48:19.838164Z  INFO herdr::logging: tab focused event="tab.focus" subsystem="tab" outcome="ok" workspace_id="w1" tab_id="w1:t1"
2026-08-05T19:48:22.771063Z  INFO herdr::logging: tab focused event="tab.focus" subsystem="tab" outcome="ok" workspace_id="w1" tab_id="w1:t1"
2026-08-05T19:48:23.165964Z  INFO herdr::logging: tab focused event="tab.focus" subsystem="tab" outcome="ok" workspace_id="w1" tab_id="w1:t1"
2026-08-05T19:48:23.541961Z  INFO herdr::logging: tab focused event="tab.focus" subsystem="tab" outcome="ok" workspace_id="w1" tab_id="w1:t1"
2026-08-05T19:48:23.845917Z  INFO herdr::logging: tab focused event="tab.focus" subsystem="tab" outcome="ok" workspace_id="w1" tab_id="w1:t1"
2026-08-05T19:48:24.173969Z  INFO herdr::logging: tab focused event="tab.focus" subsystem="tab" outcome="ok" workspace_id="w1" tab_id="w1:t1"
2026-08-05T19:48:24.629922Z  INFO herdr::logging: tab focused event="tab.focus" subsystem="tab" outcome="ok" workspace_id="w1" tab_id="w1:t1"
2026-08-05T19:48:29.635112Z  INFO herdr::logging: session saved event="persist.save" subsystem="persist" outcome="ok" path=/home/mateusdalligna/.config/herdr/session.json workspaces=1
2026-08-05T19:52:26.888914Z  INFO herdr::logging: tab focused event="tab.focus" subsystem="tab" outcome="ok" workspace_id="w1" tab_id="w1:t1"
2026-08-05T19:52:27.424979Z  INFO herdr::logging: tab focused event="tab.focus" subsystem="tab" outcome="ok" workspace_id="w1" tab_id="w1:t1"
2026-08-05T19:52:27.785168Z  INFO herdr::logging: tab focused event="tab.focus" subsystem="tab" outcome="ok" workspace_id="w1" tab_id="w1:t1"
2026-08-05T19:52:28.816898Z  INFO herdr::logging: tab focused event="tab.focus" subsystem="tab" outcome="ok" workspace_id="w1" tab_id="w1:t1"
2026-08-05T19:52:33.821113Z  INFO herdr::logging: session saved event="persist.save" subsystem="persist" outcome="ok" path=/home/mateusdalligna/.config/herdr/session.json workspaces=1
2026-08-05T19:54:57.571086Z  INFO herdr::logging: tab focused event="tab.focus" subsystem="tab" outcome="ok" workspace_id="w1" tab_id="w1:t1"
2026-08-05T19:54:58.218651Z  INFO herdr::logging: tab focused event="tab.focus" subsystem="tab" outcome="ok" workspace_id="w1" tab_id="w1:t1"
2026-08-05T19:55:03.223139Z  INFO herdr::logging: session saved event="persist.save" subsystem="persist" outcome="ok" path=/home/mateusdalligna/.config/herdr/session.json workspaces=1
2026-08-05T19:56:44.443596Z  INFO herdr::logging: tab focused event="tab.focus" subsystem="tab" outcome="ok" workspace_id="w1" tab_id="w1:t1"
2026-08-05T19:56:45.516636Z  INFO herdr::logging: tab focused event="tab.focus" subsystem="tab" outcome="ok" workspace_id="w1" tab_id="w1:t2"
2026-08-05T19:56:49.348280Z  INFO herdr::logging: spawning pane terminal event="pane.spawn.start" subsystem="pane" outcome="started" pane_id=5 rows=38 cols=157 scrollback_limit_bytes=10000000
2026-08-05T19:56:49.350386Z  INFO herdr::logging: pane child spawned event="pane.spawned" subsystem="pane" outcome="ok" pane_id=5 pid=102598
2026-08-05T19:56:49.350636Z  INFO herdr::logging: tab focused event="tab.focus" subsystem="tab" outcome="ok" workspace_id="w1" tab_id="w1:t3"
2026-08-05T19:56:52.916195Z  INFO herdr::pane: agent changed pane=5 previous_agent=None agent=Some(OpenCode) process=opencode pgid=Some(102723)
2026-08-05T19:56:54.375171Z  INFO herdr::logging: session saved event="persist.save" subsystem="persist" outcome="ok" path=/home/mateusdalligna/.config/herdr/session.json workspaces=1
2026-08-05T20:00:10.194725Z  INFO herdr::server::headless: client resize client_id=4 cols=183 rows=41 cell_width_px=0 cell_height_px=0
2026-08-05T20:00:10.595941Z  INFO herdr::server::headless: client resize client_id=4 cols=183 rows=39 cell_width_px=0 cell_height_px=0
2026-08-05T20:01:54.144611Z  INFO herdr::logging: tab focused event="tab.focus" subsystem="tab" outcome="ok" workspace_id="w1" tab_id="w1:t1"
2026-08-05T20:01:59.147125Z  INFO herdr::logging: session saved event="persist.save" subsystem="persist" outcome="ok" path=/home/mateusdalligna/.config/herdr/session.json workspaces=1
2026-08-05T20:03:52.193992Z  INFO herdr::logging: tab focused event="tab.focus" subsystem="tab" outcome="ok" workspace_id="w1" tab_id="w1:t3"
2026-08-05T20:03:57.197130Z  INFO herdr::logging: session saved event="persist.save" subsystem="persist" outcome="ok" path=/home/mateusdalligna/.config/herdr/session.json workspaces=1
2026-08-05T20:04:21.412374Z  INFO herdr::logging: tab focused event="tab.focus" subsystem="tab" outcome="ok" workspace_id="w1" tab_id="w1:t1"
2026-08-05T20:04:26.417123Z  INFO herdr::logging: session saved event="persist.save" subsystem="persist" outcome="ok" path=/home/mateusdalligna/.config/herdr/session.json workspaces=1
2026-08-05T20:04:26.434254Z  INFO herdr::logging: tab focused event="tab.focus" subsystem="tab" outcome="ok" workspace_id="w1" tab_id="w1:t2"
2026-08-05T20:04:31.437145Z  INFO herdr::logging: session saved event="persist.save" subsystem="persist" outcome="ok" path=/home/mateusdalligna/.config/herdr/session.json workspaces=1
2026-08-05T20:04:37.917824Z  INFO herdr::pane: agent changed pane=2 previous_agent=Some(OpenCode) agent=None pgid=Some(9286)
2026-08-05T20:04:56.761650Z  INFO herdr::logging: pane child exited event="pane.exit" subsystem="pane" outcome="completed" pane_id=2 status="ExitStatus { code: 1, signal: None }"
2026-08-05T20:04:56.789935Z  INFO herdr::pane: pane session terminated pane=2 pid=9286 signal=Hangup
2026-08-05T20:04:56.790149Z  WARN herdr::app::actions: PaneDied for unknown pane pane=2
2026-08-05T20:04:58.866634Z  INFO herdr::logging: tab focused event="tab.focus" subsystem="tab" outcome="ok" workspace_id="w1" tab_id="w1:t3"
2026-08-05T20:05:03.870120Z  INFO herdr::logging: session saved event="persist.save" subsystem="persist" outcome="ok" path=/home/mateusdalligna/.config/herdr/session.json workspaces=1
2026-08-05T20:05:16.658840Z  INFO herdr::logging: tab focused event="tab.focus" subsystem="tab" outcome="ok" workspace_id="w1" tab_id="w1:t1"
2026-08-05T20:05:21.695693Z  INFO herdr::logging: session saved event="persist.save" subsystem="persist" outcome="ok" path=/home/mateusdalligna/.config/herdr/session.json workspaces=1
2026-08-05T20:06:05.403416Z  INFO herdr::logging: tab focused event="tab.focus" subsystem="tab" outcome="ok" workspace_id="w1" tab_id="w1:t3"
2026-08-05T20:06:10.407111Z  INFO herdr::logging: session saved event="persist.save" subsystem="persist" outcome="ok" path=/home/mateusdalligna/.config/herdr/session.json workspaces=1
2026-08-05T20:06:25.483564Z  INFO herdr::logging: spawning pane terminal event="pane.spawn.start" subsystem="pane" outcome="started" pane_id=6 rows=38 cols=157 scrollback_limit_bytes=10000000
2026-08-05T20:06:25.485154Z  INFO herdr::logging: pane child spawned event="pane.spawned" subsystem="pane" outcome="ok" pane_id=6 pid=113835
2026-08-05T20:06:25.485380Z  INFO herdr::logging: tab focused event="tab.focus" subsystem="tab" outcome="ok" workspace_id="w1" tab_id="w1:t3"
2026-08-05T20:06:30.519514Z  INFO herdr::logging: session saved event="persist.save" subsystem="persist" outcome="ok" path=/home/mateusdalligna/.config/herdr/session.json workspaces=1
2026-08-05T20:06:41.438903Z  INFO herdr::app::actions: copied selection to clipboard
2026-08-05T20:06:42.342906Z  INFO herdr::logging: tab focused event="tab.focus" subsystem="tab" outcome="ok" workspace_id="w1" tab_id="w1:t3"
2026-08-05T20:06:47.345940Z  INFO herdr::logging: session saved event="persist.save" subsystem="persist" outcome="ok" path=/home/mateusdalligna/.config/herdr/session.json workspaces=1
2026-08-05T20:09:00.846159Z  INFO herdr::logging: tab focused event="tab.focus" subsystem="tab" outcome="ok" workspace_id="w1" tab_id="w1:t1"
2026-08-05T20:09:02.934203Z  INFO herdr::logging: tab focused event="tab.focus" subsystem="tab" outcome="ok" workspace_id="w1" tab_id="w1:t3"
2026-08-05T20:09:07.936940Z  INFO herdr::logging: session saved event="persist.save" subsystem="persist" outcome="ok" path=/home/mateusdalligna/.config/herdr/session.json workspaces=1
2026-08-05T20:11:35.687057Z  INFO herdr::logging: tab focused event="tab.focus" subsystem="tab" outcome="ok" workspace_id="w1" tab_id="w1:t1"
2026-08-05T20:11:39.340336Z  INFO herdr::logging: tab focused event="tab.focus" subsystem="tab" outcome="ok" workspace_id="w1" tab_id="w1:t1"
2026-08-05T20:11:44.377773Z  INFO herdr::logging: session saved event="persist.save" subsystem="persist" outcome="ok" path=/home/mateusdalligna/.config/herdr/session.json workspaces=1
2026-08-05T20:11:56.064055Z  INFO herdr::logging: tab focused event="tab.focus" subsystem="tab" outcome="ok" workspace_id="w1" tab_id="w1:t3"
2026-08-05T20:12:00.297859Z  INFO herdr::server::headless: client disconnected client_id=4
2026-08-05T21:37:19.721531Z  INFO herdr::api::server: api server listening path=/home/mateusdalligna/.config/herdr/herdr.sock
2026-08-05T21:37:19.727027Z  INFO herdr::logging: spawning pane terminal event="pane.spawn.start" subsystem="pane" outcome="started" pane_id=1 rows=24 cols=80 scrollback_limit_bytes=10000000
2026-08-05T21:37:19.730534Z  INFO herdr::logging: pane child spawned event="pane.spawned" subsystem="pane" outcome="ok" pane_id=1 pid=5551
2026-08-05T21:37:19.731990Z  INFO herdr::logging: spawning pane terminal event="pane.spawn.start" subsystem="pane" outcome="started" pane_id=2 rows=24 cols=80 scrollback_limit_bytes=10000000
2026-08-05T21:37:19.735105Z  INFO herdr::logging: pane child spawned event="pane.spawned" subsystem="pane" outcome="ok" pane_id=2 pid=5554
2026-08-05T21:37:19.736599Z  INFO herdr::logging: spawning pane terminal event="pane.spawn.start" subsystem="pane" outcome="started" pane_id=3 rows=24 cols=80 scrollback_limit_bytes=10000000
2026-08-05T21:37:19.740548Z  INFO herdr::logging: pane child spawned event="pane.spawned" subsystem="pane" outcome="ok" pane_id=3 pid=5557
2026-08-05T21:37:19.741370Z  INFO herdr::logging: spawning pane terminal event="pane.spawn.start" subsystem="pane" outcome="started" pane_id=4 rows=24 cols=80 scrollback_limit_bytes=10000000
2026-08-05T21:37:19.744622Z  INFO herdr::logging: pane child spawned event="pane.spawned" subsystem="pane" outcome="ok" pane_id=4 pid=5561
2026-08-05T21:37:19.746508Z  INFO herdr::logging: session restore evaluated event="persist.restore" subsystem="persist" outcome="ok" workspaces=1
2026-08-05T21:37:19.746558Z  INFO herdr::app: using pane scrollback configuration pane_scrollback_limit_bytes=10000000
2026-08-05T21:37:20.011003Z  INFO herdr::logging: checking for updates event="update.check.start" subsystem="update" outcome="started"
2026-08-05T21:37:20.022917Z  INFO herdr::server::headless: restored session already has workspaces; ignoring startup cwd cwd=/home/mateusdalligna
2026-08-05T21:37:20.023123Z  INFO herdr::server::headless: client protocol socket listening path=/home/mateusdalligna/.config/herdr/herdr-client.sock
2026-08-05T21:37:20.023182Z  INFO herdr::server::headless: herdr server started api_socket=/home/mateusdalligna/.config/herdr/herdr.sock client_socket=/home/mateusdalligna/.config/herdr/herdr-client.sock
2026-08-05T21:37:20.023996Z  INFO herdr::logging: herdr starting event="app.startup" subsystem="server" outcome="started" pid=5545
2026-08-05T21:37:20.079797Z  INFO herdr::server::headless: client connected client_id=2 cols=128 rows=26 cell_width_px=0 cell_height_px=0 render_encoding=SemanticFrame
2026-08-05T21:37:20.507752Z  INFO herdr::logging: update available event="update.available" subsystem="update" outcome="ok" version="0.8.0"
2026-08-05T21:37:20.507776Z  INFO herdr::update: new stable build available at https://github.com/herdrdev/herdr/releases/download/v0.8.0/herdr-linux-x86_64
2026-08-05T21:37:20.507995Z  INFO herdr::update: auto-update check: 0.8.0 available, waiting for explicit install
2026-08-05T21:37:22.935129Z  INFO herdr::logging: tab focused event="tab.focus" subsystem="tab" outcome="ok" workspace_id="w1" tab_id="w1:t3"
2026-08-05T21:37:24.641273Z  INFO herdr::logging: pane child exited event="pane.exit" subsystem="pane" outcome="completed" pane_id=3 status="ExitStatus { code: 1, signal: None }"
2026-08-05T21:37:24.643293Z  INFO herdr::pane: pane session terminated pane=3 pid=5557 signal=Hangup
2026-08-05T21:37:24.643477Z  WARN herdr::app::actions: PaneDied for unknown pane pane=3
2026-08-05T21:37:25.384328Z  INFO herdr::logging: pane child exited event="pane.exit" subsystem="pane" outcome="completed" pane_id=4 status="ExitStatus { code: 1, signal: None }"
2026-08-05T21:37:25.386007Z  INFO herdr::pane: pane session terminated pane=4 pid=5561 signal=Hangup
2026-08-05T21:37:25.386259Z  WARN herdr::app::actions: PaneDied for unknown pane pane=4
2026-08-05T21:37:29.309519Z  INFO herdr::logging: pane child exited event="pane.exit" subsystem="pane" outcome="completed" pane_id=1 status="ExitStatus { code: 1, signal: None }"
2026-08-05T21:37:29.315967Z  INFO herdr::pane: pane session terminated pane=1 pid=5551 signal=Hangup
2026-08-05T21:37:29.316572Z  WARN herdr::app::actions: PaneDied for unknown pane pane=1
2026-08-05T21:37:34.352024Z  INFO herdr::logging: session saved event="persist.save" subsystem="persist" outcome="ok" path=/home/mateusdalligna/.config/herdr/session.json workspaces=1
2026-08-05T21:37:36.355590Z  INFO herdr::pane: agent changed pane=2 previous_agent=None agent=Some(OpenCode) process=opencode pgid=Some(5938)
2026-08-05T21:59:32.085868Z  INFO herdr::logging: spawning pane terminal event="pane.spawn.start" subsystem="pane" outcome="started" pane_id=5 rows=25 cols=124 scrollback_limit_bytes=10000000
2026-08-05T21:59:32.089315Z  INFO herdr::logging: pane child spawned event="pane.spawned" subsystem="pane" outcome="ok" pane_id=5 pid=7444
2026-08-05T21:59:32.089918Z  INFO herdr::logging: tab focused event="tab.focus" subsystem="tab" outcome="ok" workspace_id="w1" tab_id="w1:t4"
2026-08-05T21:59:37.130335Z  INFO herdr::logging: session saved event="persist.save" subsystem="persist" outcome="ok" path=/home/mateusdalligna/.config/herdr/session.json workspaces=1
2026-08-05T22:01:50.581620Z  INFO herdr::logging: tab focused event="tab.focus" subsystem="tab" outcome="ok" workspace_id="w1" tab_id="w1:t1"
2026-08-05T22:01:55.619017Z  INFO herdr::logging: session saved event="persist.save" subsystem="persist" outcome="ok" path=/home/mateusdalligna/.config/herdr/session.json workspaces=1
2026-08-05T22:05:59.723168Z  INFO herdr::logging: tab focused event="tab.focus" subsystem="tab" outcome="ok" workspace_id="w1" tab_id="w1:t4"
2026-08-05T22:06:04.760145Z  INFO herdr::logging: session saved event="persist.save" subsystem="persist" outcome="ok" path=/home/mateusdalligna/.config/herdr/session.json workspaces=1
2026-08-05T22:06:17.899375Z  INFO herdr::logging: tab focused event="tab.focus" subsystem="tab" outcome="ok" workspace_id="w1" tab_id="w1:t4"
2026-08-05T22:06:18.929951Z  INFO herdr::logging: tab focused event="tab.focus" subsystem="tab" outcome="ok" workspace_id="w1" tab_id="w1:t1"
2026-08-05T22:06:23.933962Z  INFO herdr::logging: session saved event="persist.save" subsystem="persist" outcome="ok" path=/home/mateusdalligna/.config/herdr/session.json workspaces=1
2026-08-05T22:08:41.232749Z  INFO herdr::logging: tab focused event="tab.focus" subsystem="tab" outcome="ok" workspace_id="w1" tab_id="w1:t4"
2026-08-05T22:08:46.266386Z  INFO herdr::logging: session saved event="persist.save" subsystem="persist" outcome="ok" path=/home/mateusdalligna/.config/herdr/session.json workspaces=1
2026-08-05T22:09:02.987314Z  INFO herdr::logging: tab focused event="tab.focus" subsystem="tab" outcome="ok" workspace_id="w1" tab_id="w1:t1"
2026-08-05T22:09:06.697834Z  INFO herdr::logging: tab focused event="tab.focus" subsystem="tab" outcome="ok" workspace_id="w1" tab_id="w1:t4"
2026-08-05T22:09:11.701771Z  INFO herdr::logging: session saved event="persist.save" subsystem="persist" outcome="ok" path=/home/mateusdalligna/.config/herdr/session.json workspaces=1
2026-08-05T22:09:39.036872Z  INFO herdr::logging: spawning pane terminal event="pane.spawn.start" subsystem="pane" outcome="started" pane_id=6 rows=25 cols=124 scrollback_limit_bytes=10000000
2026-08-05T22:09:39.041066Z  INFO herdr::logging: pane child spawned event="pane.spawned" subsystem="pane" outcome="ok" pane_id=6 pid=10821
2026-08-05T22:09:39.041700Z  INFO herdr::logging: tab focused event="tab.focus" subsystem="tab" outcome="ok" workspace_id="w1" tab_id="w1:t5"
2026-08-05T22:09:44.045645Z  INFO herdr::logging: session saved event="persist.save" subsystem="persist" outcome="ok" path=/home/mateusdalligna/.config/herdr/session.json workspaces=1
2026-08-05T22:10:45.063268Z  INFO herdr::logging: tab focused event="tab.focus" subsystem="tab" outcome="ok" workspace_id="w1" tab_id="w1:t1"
2026-08-05T22:10:46.478469Z  INFO herdr::logging: tab focused event="tab.focus" subsystem="tab" outcome="ok" workspace_id="w1" tab_id="w1:t4"
2026-08-05T22:10:51.482615Z  INFO herdr::logging: session saved event="persist.save" subsystem="persist" outcome="ok" path=/home/mateusdalligna/.config/herdr/session.json workspaces=1
2026-08-05T22:11:15.594169Z  INFO herdr::logging: tab focused event="tab.focus" subsystem="tab" outcome="ok" workspace_id="w1" tab_id="w1:t5"
2026-08-05T22:11:20.539147Z  INFO herdr::logging: tab focused event="tab.focus" subsystem="tab" outcome="ok" workspace_id="w1" tab_id="w1:t1"
2026-08-05T22:11:22.825859Z  INFO herdr::logging: tab focused event="tab.focus" subsystem="tab" outcome="ok" workspace_id="w1" tab_id="w1:t4"
2026-08-05T22:11:27.829267Z  INFO herdr::logging: session saved event="persist.save" subsystem="persist" outcome="ok" path=/home/mateusdalligna/.config/herdr/session.json workspaces=1
2026-08-05T22:11:35.113299Z  INFO herdr::logging: tab focused event="tab.focus" subsystem="tab" outcome="ok" workspace_id="w1" tab_id="w1:t1"
2026-08-05T22:11:40.117217Z  INFO herdr::logging: session saved event="persist.save" subsystem="persist" outcome="ok" path=/home/mateusdalligna/.config/herdr/session.json workspaces=1
2026-08-05T22:13:52.359610Z  INFO herdr::logging: tab focused event="tab.focus" subsystem="tab" outcome="ok" workspace_id="w1" tab_id="w1:t5"
2026-08-05T22:13:57.364340Z  INFO herdr::logging: session saved event="persist.save" subsystem="persist" outcome="ok" path=/home/mateusdalligna/.config/herdr/session.json workspaces=1
2026-08-05T22:14:19.628680Z  INFO herdr::logging: tab focused event="tab.focus" subsystem="tab" outcome="ok" workspace_id="w1" tab_id="w1:t4"
2026-08-05T22:14:24.631882Z  INFO herdr::logging: session saved event="persist.save" subsystem="persist" outcome="ok" path=/home/mateusdalligna/.config/herdr/session.json workspaces=1
2026-08-05T22:14:31.056695Z  INFO herdr::logging: tab focused event="tab.focus" subsystem="tab" outcome="ok" workspace_id="w1" tab_id="w1:t1"
2026-08-05T22:14:36.061948Z  INFO herdr::logging: session saved event="persist.save" subsystem="persist" outcome="ok" path=/home/mateusdalligna/.config/herdr/session.json workspaces=1
2026-08-05T22:14:38.277437Z  INFO herdr::logging: tab focused event="tab.focus" subsystem="tab" outcome="ok" workspace_id="w1" tab_id="w1:t4"
2026-08-05T22:14:43.282089Z  INFO herdr::logging: session saved event="persist.save" subsystem="persist" outcome="ok" path=/home/mateusdalligna/.config/herdr/session.json workspaces=1
2026-08-05T22:14:51.160007Z  INFO herdr::logging: tab focused event="tab.focus" subsystem="tab" outcome="ok" workspace_id="w1" tab_id="w1:t5"
2026-08-05T22:14:56.165472Z  INFO herdr::logging: session saved event="persist.save" subsystem="persist" outcome="ok" path=/home/mateusdalligna/.config/herdr/session.json workspaces=1
2026-08-05T22:16:30.756938Z  INFO herdr::logging: tab focused event="tab.focus" subsystem="tab" outcome="ok" workspace_id="w1" tab_id="w1:t4"
2026-08-05T22:16:35.795169Z  INFO herdr::logging: session saved event="persist.save" subsystem="persist" outcome="ok" path=/home/mateusdalligna/.config/herdr/session.json workspaces=1
2026-08-05T22:17:55.020885Z  INFO herdr::pane: agent changed pane=5 previous_agent=None agent=Some(OpenCode) process=opencode pgid=Some(14307)
2026-08-05T23:08:02.071396Z  INFO herdr::api::server: api server listening path=/home/mateusdalligna/.config/herdr/herdr.sock
2026-08-05T23:08:02.082505Z  INFO herdr::logging: spawning pane terminal event="pane.spawn.start" subsystem="pane" outcome="started" pane_id=1 rows=24 cols=80 scrollback_limit_bytes=10000000
2026-08-05T23:08:02.087141Z  INFO herdr::logging: pane child spawned event="pane.spawned" subsystem="pane" outcome="ok" pane_id=1 pid=3063
2026-08-05T23:08:02.090961Z  INFO herdr::logging: spawning pane terminal event="pane.spawn.start" subsystem="pane" outcome="started" pane_id=2 rows=24 cols=80 scrollback_limit_bytes=10000000
2026-08-05T23:08:02.097674Z  INFO herdr::logging: pane child spawned event="pane.spawned" subsystem="pane" outcome="ok" pane_id=2 pid=3066
2026-08-05T23:08:02.099279Z  INFO herdr::logging: spawning pane terminal event="pane.spawn.start" subsystem="pane" outcome="started" pane_id=3 rows=24 cols=80 scrollback_limit_bytes=10000000
2026-08-05T23:08:02.106746Z  INFO herdr::logging: pane child spawned event="pane.spawned" subsystem="pane" outcome="ok" pane_id=3 pid=3069
2026-08-05T23:08:02.107293Z  INFO herdr::logging: session restore evaluated event="persist.restore" subsystem="persist" outcome="ok" workspaces=1
2026-08-05T23:08:02.107327Z  INFO herdr::app: using pane scrollback configuration pane_scrollback_limit_bytes=10000000
2026-08-05T23:08:03.618064Z  INFO herdr::logging: checking for updates event="update.check.start" subsystem="update" outcome="started"
2026-08-05T23:08:03.646498Z  INFO herdr::server::headless: restored session already has workspaces; ignoring startup cwd cwd=/home/mateusdalligna/dotfiles
2026-08-05T23:08:03.646644Z  INFO herdr::server::headless: client protocol socket listening path=/home/mateusdalligna/.config/herdr/herdr-client.sock
2026-08-05T23:08:03.646695Z  INFO herdr::server::headless: herdr server started api_socket=/home/mateusdalligna/.config/herdr/herdr.sock client_socket=/home/mateusdalligna/.config/herdr/herdr-client.sock
2026-08-05T23:08:03.647210Z  INFO herdr::logging: herdr starting event="app.startup" subsystem="server" outcome="started" pid=3057
2026-08-05T23:08:03.685004Z  INFO herdr::server::headless: client connected client_id=2 cols=128 rows=26 cell_width_px=0 cell_height_px=0 render_encoding=SemanticFrame
2026-08-05T23:08:03.992027Z  INFO herdr::logging: update available event="update.available" subsystem="update" outcome="ok" version="0.8.0"
2026-08-05T23:08:03.992058Z  INFO herdr::update: new stable build available at https://github.com/herdrdev/herdr/releases/download/v0.8.0/herdr-linux-x86_64
2026-08-05T23:08:03.992337Z  INFO herdr::update: auto-update check: 0.8.0 available, waiting for explicit install
2026-08-05T23:08:06.605209Z  INFO herdr::logging: pane child exited event="pane.exit" subsystem="pane" outcome="completed" pane_id=2 status="ExitStatus { code: 1, signal: None }"
2026-08-05T23:08:06.606607Z  INFO herdr::pane: pane session terminated pane=2 pid=3066 signal=Hangup
2026-08-05T23:08:06.606812Z  WARN herdr::app::actions: PaneDied for unknown pane pane=2
2026-08-05T23:08:10.530607Z  INFO herdr::logging: tab focused event="tab.focus" subsystem="tab" outcome="ok" workspace_id="w1" tab_id="w1:t5"
2026-08-05T23:08:13.595107Z  INFO herdr::logging: tab focused event="tab.focus" subsystem="tab" outcome="ok" workspace_id="w1" tab_id="w1:t1"
2026-08-05T23:08:18.628605Z  INFO herdr::logging: session saved event="persist.save" subsystem="persist" outcome="ok" path=/home/mateusdalligna/.config/herdr/session.json workspaces=1
2026-08-05T23:08:19.664210Z  INFO herdr::server::headless: client resize client_id=2 cols=142 rows=32 cell_width_px=0 cell_height_px=0
2026-08-05T23:08:19.964770Z  INFO herdr::server::headless: client resize client_id=2 cols=183 rows=37 cell_width_px=0 cell_height_px=0
2026-08-05T23:08:22.745415Z  INFO herdr::pane: agent changed pane=1 previous_agent=None agent=Some(OpenCode) process=opencode pgid=Some(3387)
2026-08-05T23:16:45.398902Z  INFO herdr::server::headless: client resize client_id=2 cols=183 rows=40 cell_width_px=0 cell_height_px=0
2026-08-05T23:16:45.699689Z  INFO herdr::server::headless: client resize client_id=2 cols=183 rows=38 cell_width_px=0 cell_height_px=0
2026-08-05T23:16:59.630943Z  INFO herdr::server::headless: client resize client_id=2 cols=183 rows=40 cell_width_px=0 cell_height_px=0
2026-08-05T23:16:59.931399Z  INFO herdr::server::headless: client resize client_id=2 cols=183 rows=37 cell_width_px=0 cell_height_px=0
2026-08-05T23:17:11.674180Z  INFO herdr::server::headless: client resize client_id=2 cols=183 rows=40 cell_width_px=0 cell_height_px=0
2026-08-05T23:17:11.974572Z  INFO herdr::server::headless: client resize client_id=2 cols=183 rows=37 cell_width_px=0 cell_height_px=0
2026-08-05T23:25:37.255512Z  INFO herdr::server::headless: client resize client_id=2 cols=128 rows=26 cell_width_px=0 cell_height_px=0
2026-08-05T23:25:37.355392Z  INFO herdr::server::headless: client resize client_id=2 cols=128 rows=28 cell_width_px=0 cell_height_px=0
2026-08-05T23:25:37.655746Z  INFO herdr::server::headless: client resize client_id=2 cols=128 rows=26 cell_width_px=0 cell_height_px=0
2026-08-05T23:26:03.315487Z  INFO herdr::server::headless: client resize client_id=2 cols=128 rows=28 cell_width_px=0 cell_height_px=0
2026-08-05T23:26:03.615771Z  INFO herdr::server::headless: client resize client_id=2 cols=128 rows=26 cell_width_px=0 cell_height_px=0
2026-08-05T23:26:12.637487Z  INFO herdr::server::headless: client resize client_id=2 cols=128 rows=28 cell_width_px=0 cell_height_px=0
2026-08-05T23:26:12.937839Z  INFO herdr::server::headless: client resize client_id=2 cols=128 rows=26 cell_width_px=0 cell_height_px=0
2026-08-05T23:27:50.382452Z  INFO herdr::server::headless: client disconnected client_id=2
2026-08-05T23:55:46.259796Z  INFO herdr::api::server: api server listening path=/home/mateusdalligna/.config/herdr/herdr.sock
2026-08-05T23:55:46.263966Z  INFO herdr::logging: spawning pane terminal event="pane.spawn.start" subsystem="pane" outcome="started" pane_id=1 rows=24 cols=80 scrollback_limit_bytes=10000000
2026-08-05T23:55:46.267088Z  INFO herdr::logging: pane child spawned event="pane.spawned" subsystem="pane" outcome="ok" pane_id=1 pid=10912
2026-08-05T23:55:46.268224Z  INFO herdr::logging: spawning pane terminal event="pane.spawn.start" subsystem="pane" outcome="started" pane_id=2 rows=24 cols=80 scrollback_limit_bytes=10000000
2026-08-05T23:55:46.271240Z  INFO herdr::logging: pane child spawned event="pane.spawned" subsystem="pane" outcome="ok" pane_id=2 pid=10915
2026-08-05T23:55:46.272385Z  INFO herdr::logging: session restore evaluated event="persist.restore" subsystem="persist" outcome="ok" workspaces=1
2026-08-05T23:55:46.272929Z  INFO herdr::app: using pane scrollback configuration pane_scrollback_limit_bytes=10000000
2026-08-05T23:55:46.422574Z  INFO herdr::logging: checking for updates event="update.check.start" subsystem="update" outcome="started"
2026-08-05T23:55:46.427344Z  INFO herdr::server::headless: restored session already has workspaces; ignoring startup cwd cwd=/home/mateusdalligna/Downloads
2026-08-05T23:55:46.427520Z  INFO herdr::server::headless: client protocol socket listening path=/home/mateusdalligna/.config/herdr/herdr-client.sock
2026-08-05T23:55:46.427571Z  INFO herdr::server::headless: herdr server started api_socket=/home/mateusdalligna/.config/herdr/herdr.sock client_socket=/home/mateusdalligna/.config/herdr/herdr-client.sock
2026-08-05T23:55:46.427884Z  INFO herdr::logging: herdr starting event="app.startup" subsystem="server" outcome="started" pid=10906
2026-08-05T23:55:46.486678Z  INFO herdr::server::headless: client connected client_id=2 cols=60 rows=26 cell_width_px=0 cell_height_px=0 render_encoding=SemanticFrame
2026-08-05T23:55:46.757594Z  INFO herdr::logging: update available event="update.available" subsystem="update" outcome="ok" version="0.8.0"
2026-08-05T23:55:46.757621Z  INFO herdr::update: new stable build available at https://github.com/herdrdev/herdr/releases/download/v0.8.0/herdr-linux-x86_64
2026-08-05T23:55:46.757886Z  INFO herdr::update: auto-update check: 0.8.0 available, waiting for explicit install
2026-08-05T23:55:51.900320Z  INFO herdr::server::headless: client resize client_id=2 cols=63 rows=26 cell_width_px=0 cell_height_px=0
2026-08-05T23:55:52.100552Z  INFO herdr::server::headless: client resize client_id=2 cols=66 rows=26 cell_width_px=0 cell_height_px=0
2026-08-05T23:55:52.301081Z  INFO herdr::server::headless: client resize client_id=2 cols=69 rows=26 cell_width_px=0 cell_height_px=0
2026-08-05T23:55:52.501328Z  INFO herdr::server::headless: client resize client_id=2 cols=72 rows=26 cell_width_px=0 cell_height_px=0
2026-08-05T23:56:02.620149Z  INFO herdr::server::headless: client resize client_id=2 cols=80 rows=32 cell_width_px=0 cell_height_px=0
2026-08-05T23:56:03.021099Z  INFO herdr::server::headless: client resize client_id=2 cols=103 rows=37 cell_width_px=0 cell_height_px=0
2026-08-06T00:01:13.219399Z  INFO herdr::app::actions: copied selection to clipboard
2026-08-06T00:01:15.186794Z  INFO herdr::logging: tab focused event="tab.focus" subsystem="tab" outcome="ok" workspace_id="w1" tab_id="w1:t5"
2026-08-06T00:01:20.192804Z  INFO herdr::logging: session saved event="persist.save" subsystem="persist" outcome="ok" path=/home/mateusdalligna/.config/herdr/session.json workspaces=1
2026-08-06T00:01:39.192376Z  INFO herdr::logging: spawning pane terminal event="pane.spawn.start" subsystem="pane" outcome="started" pane_id=3 rows=36 cols=99 scrollback_limit_bytes=10000000
2026-08-06T00:01:39.196143Z  INFO herdr::logging: pane child spawned event="pane.spawned" subsystem="pane" outcome="ok" pane_id=3 pid=12392
2026-08-06T00:01:39.196793Z  INFO herdr::logging: tab focused event="tab.focus" subsystem="tab" outcome="ok" workspace_id="w1" tab_id="w1:t6"
2026-08-06T00:01:40.945031Z  INFO herdr::logging: tab focused event="tab.focus" subsystem="tab" outcome="ok" workspace_id="w1" tab_id="w1:t5"
2026-08-06T00:01:44.301336Z  INFO herdr::logging: spawning pane terminal event="pane.spawn.start" subsystem="pane" outcome="started" pane_id=4 rows=36 cols=99 scrollback_limit_bytes=10000000
2026-08-06T00:01:44.305162Z  INFO herdr::logging: pane child spawned event="pane.spawned" subsystem="pane" outcome="ok" pane_id=4 pid=12459
2026-08-06T00:01:44.305921Z  INFO herdr::logging: tab focused event="tab.focus" subsystem="tab" outcome="ok" workspace_id="w1" tab_id="w1:t5"
2026-08-06T00:01:47.542063Z  INFO herdr::logging: tab focused event="tab.focus" subsystem="tab" outcome="ok" workspace_id="w1" tab_id="w1:t5"
2026-08-06T00:01:49.455787Z  INFO herdr::logging: tab focused event="tab.focus" subsystem="tab" outcome="ok" workspace_id="w1" tab_id="w1:t5"
2026-08-06T00:01:54.458655Z  INFO herdr::logging: session saved event="persist.save" subsystem="persist" outcome="ok" path=/home/mateusdalligna/.config/herdr/session.json workspaces=1
2026-08-06T00:01:58.174657Z  INFO herdr::logging: tab focused event="tab.focus" subsystem="tab" outcome="ok" workspace_id="w1" tab_id="w1:t5"
2026-08-06T00:02:03.179268Z  INFO herdr::logging: session saved event="persist.save" subsystem="persist" outcome="ok" path=/home/mateusdalligna/.config/herdr/session.json workspaces=1
2026-08-06T00:02:17.999314Z  INFO herdr::logging: tab focused event="tab.focus" subsystem="tab" outcome="ok" workspace_id="w1" tab_id="w1:t5"
2026-08-06T00:02:19.467570Z  INFO herdr::logging: tab focused event="tab.focus" subsystem="tab" outcome="ok" workspace_id="w1" tab_id="w1:t5"
2026-08-06T00:02:24.471200Z  INFO herdr::logging: session saved event="persist.save" subsystem="persist" outcome="ok" path=/home/mateusdalligna/.config/herdr/session.json workspaces=1
2026-08-06T00:03:55.811826Z  INFO herdr::logging: tab focused event="tab.focus" subsystem="tab" outcome="ok" workspace_id="w1" tab_id="w1:t5"
2026-08-06T00:04:00.815728Z  INFO herdr::logging: session saved event="persist.save" subsystem="persist" outcome="ok" path=/home/mateusdalligna/.config/herdr/session.json workspaces=1
2026-08-06T00:04:21.538365Z  INFO herdr::pane: agent changed pane=4 previous_agent=None agent=Some(OpenCode) process=opencode pgid=Some(12937)
2026-08-06T00:07:42.672639Z  INFO herdr::logging: tab focused event="tab.focus" subsystem="tab" outcome="ok" workspace_id="w1" tab_id="w1:t5"
2026-08-06T00:07:47.714593Z  INFO herdr::logging: session saved event="persist.save" subsystem="persist" outcome="ok" path=/home/mateusdalligna/.config/herdr/session.json workspaces=1
2026-08-06T00:08:20.560664Z  INFO herdr::logging: tab focused event="tab.focus" subsystem="tab" outcome="ok" workspace_id="w1" tab_id="w1:t5"
2026-08-06T00:08:25.602936Z  INFO herdr::logging: session saved event="persist.save" subsystem="persist" outcome="ok" path=/home/mateusdalligna/.config/herdr/session.json workspaces=1
2026-08-06T00:08:55.924133Z  INFO herdr::logging: tab focused event="tab.focus" subsystem="tab" outcome="ok" workspace_id="w1" tab_id="w1:t5"
2026-08-06T00:09:00.928768Z  INFO herdr::logging: session saved event="persist.save" subsystem="persist" outcome="ok" path=/home/mateusdalligna/.config/herdr/session.json workspaces=1
2026-08-06T00:09:51.417958Z  INFO herdr::logging: tab focused event="tab.focus" subsystem="tab" outcome="ok" workspace_id="w1" tab_id="w1:t5"
2026-08-06T00:09:56.421647Z  INFO herdr::logging: session saved event="persist.save" subsystem="persist" outcome="ok" path=/home/mateusdalligna/.config/herdr/session.json workspaces=1
2026-08-06T00:11:07.171811Z  INFO herdr::logging: tab focused event="tab.focus" subsystem="tab" outcome="ok" workspace_id="w1" tab_id="w1:t6"
2026-08-06T00:11:12.174628Z  INFO herdr::logging: session saved event="persist.save" subsystem="persist" outcome="ok" path=/home/mateusdalligna/.config/herdr/session.json workspaces=1
2026-08-06T00:11:21.561759Z  INFO herdr::logging: tab focused event="tab.focus" subsystem="tab" outcome="ok" workspace_id="w1" tab_id="w1:t5"
2026-08-06T00:11:24.858826Z  INFO herdr::logging: tab focused event="tab.focus" subsystem="tab" outcome="ok" workspace_id="w1" tab_id="w1:t5"
2026-08-06T00:11:29.860633Z  INFO herdr::logging: session saved event="persist.save" subsystem="persist" outcome="ok" path=/home/mateusdalligna/.config/herdr/session.json workspaces=1
2026-08-06T00:13:03.715909Z  INFO herdr::logging: tab focused event="tab.focus" subsystem="tab" outcome="ok" workspace_id="w1" tab_id="w1:t5"
2026-08-06T00:13:06.989957Z  INFO herdr::pane: agent changed pane=4 previous_agent=Some(OpenCode) agent=None pgid=Some(12459)
2026-08-06T00:13:08.362568Z  INFO herdr::logging: pane child exited event="pane.exit" subsystem="pane" outcome="completed" pane_id=4 status="ExitStatus { code: 1, signal: None }"
2026-08-06T00:13:08.404529Z  INFO herdr::pane: pane session terminated pane=4 pid=12459 signal=Hangup
2026-08-06T00:13:08.404764Z  WARN herdr::app::actions: PaneDied for unknown pane pane=4
2026-08-06T00:13:13.406646Z  INFO herdr::logging: session saved event="persist.save" subsystem="persist" outcome="ok" path=/home/mateusdalligna/.config/herdr/session.json workspaces=1
2026-08-06T00:13:14.775096Z  INFO herdr::app::actions: copied double-clicked token to clipboard
2026-08-06T00:13:24.681124Z  INFO herdr::logging: tab focused event="tab.focus" subsystem="tab" outcome="ok" workspace_id="w1" tab_id="w1:t6"
2026-08-06T00:13:29.267208Z  INFO herdr::logging: tab focused event="tab.focus" subsystem="tab" outcome="ok" workspace_id="w1" tab_id="w1:t5"
2026-08-06T00:13:34.269629Z  INFO herdr::logging: session saved event="persist.save" subsystem="persist" outcome="ok" path=/home/mateusdalligna/.config/herdr/session.json workspaces=1
2026-08-06T00:21:58.270538Z  INFO herdr::server::headless: client resize client_id=2 cols=72 rows=26 cell_width_px=0 cell_height_px=0
2026-08-06T00:21:58.775509Z  INFO herdr::server::headless: client resize client_id=2 cols=72 rows=28 cell_width_px=0 cell_height_px=0
2026-08-06T00:21:59.582798Z  INFO herdr::server::headless: client resize client_id=2 cols=72 rows=26 cell_width_px=0 cell_height_px=0
2026-08-06T00:22:56.680026Z  INFO herdr::server::headless: client resize client_id=2 cols=72 rows=28 cell_width_px=0 cell_height_px=0
2026-08-06T00:22:57.581688Z  INFO herdr::server::headless: client resize client_id=2 cols=72 rows=26 cell_width_px=0 cell_height_px=0
2026-08-06T00:23:05.233838Z  INFO herdr::logging: tab focused event="tab.focus" subsystem="tab" outcome="ok" workspace_id="w1" tab_id="w1:t6"
2026-08-06T00:23:07.699838Z  INFO herdr::server::headless: client resize client_id=2 cols=75 rows=26 cell_width_px=0 cell_height_px=0
2026-08-06T00:23:07.900078Z  INFO herdr::server::headless: client resize client_id=2 cols=78 rows=26 cell_width_px=0 cell_height_px=0
2026-08-06T00:23:08.101430Z  INFO herdr::server::headless: client resize client_id=2 cols=81 rows=26 cell_width_px=0 cell_height_px=0
2026-08-06T00:23:08.401421Z  INFO herdr::server::headless: client resize client_id=2 cols=84 rows=26 cell_width_px=0 cell_height_px=0
2026-08-06T00:23:08.601601Z  INFO herdr::server::headless: client resize client_id=2 cols=87 rows=26 cell_width_px=0 cell_height_px=0
2026-08-06T00:23:08.801839Z  INFO herdr::server::headless: client resize client_id=2 cols=90 rows=26 cell_width_px=0 cell_height_px=0
2026-08-06T00:23:10.235641Z  INFO herdr::logging: session saved event="persist.save" subsystem="persist" outcome="ok" path=/home/mateusdalligna/.config/herdr/session.json workspaces=1
2026-08-06T00:23:10.815996Z  INFO herdr::logging: tab focused event="tab.focus" subsystem="tab" outcome="ok" workspace_id="w1" tab_id="w1:t5"
2026-08-06T00:23:15.818009Z  INFO herdr::logging: session saved event="persist.save" subsystem="persist" outcome="ok" path=/home/mateusdalligna/.config/herdr/session.json workspaces=1
2026-08-06T00:28:19.607322Z  INFO herdr::server::headless: client disconnected client_id=2
2026-08-10T22:02:17.125436Z  INFO herdr::api::server: api server listening path=/home/mateusdalligna/.config/herdr/herdr.sock
2026-08-10T22:02:17.128270Z  INFO herdr::logging: spawning pane terminal event="pane.spawn.start" subsystem="pane" outcome="started" pane_id=1 rows=24 cols=80 scrollback_limit_bytes=10000000
2026-08-10T22:02:17.129291Z  INFO herdr::logging: pane child spawned event="pane.spawned" subsystem="pane" outcome="ok" pane_id=1 pid=8361
2026-08-10T22:02:17.129897Z  INFO herdr::logging: spawning pane terminal event="pane.spawn.start" subsystem="pane" outcome="started" pane_id=2 rows=24 cols=80 scrollback_limit_bytes=10000000
2026-08-10T22:02:17.130745Z  INFO herdr::logging: pane child spawned event="pane.spawned" subsystem="pane" outcome="ok" pane_id=2 pid=8364
2026-08-10T22:02:17.131062Z  INFO herdr::logging: spawning pane terminal event="pane.spawn.start" subsystem="pane" outcome="started" pane_id=3 rows=24 cols=80 scrollback_limit_bytes=10000000
2026-08-10T22:02:17.131960Z  INFO herdr::logging: pane child spawned event="pane.spawned" subsystem="pane" outcome="ok" pane_id=3 pid=8368
2026-08-10T22:02:17.132565Z  INFO herdr::logging: session restore evaluated event="persist.restore" subsystem="persist" outcome="ok" workspaces=1
2026-08-10T22:02:17.132585Z  INFO herdr::app: using pane scrollback configuration pane_scrollback_limit_bytes=10000000
2026-08-10T22:02:17.211065Z  INFO herdr::logging: checking for updates event="update.check.start" subsystem="update" outcome="started"
2026-08-10T22:02:17.214012Z  INFO herdr::server::headless: restored session already has workspaces; ignoring startup cwd cwd=/home/mateusdalligna
2026-08-10T22:02:17.214215Z  INFO herdr::server::headless: client protocol socket listening path=/home/mateusdalligna/.config/herdr/herdr-client.sock
2026-08-10T22:02:17.214264Z  INFO herdr::server::headless: herdr server started api_socket=/home/mateusdalligna/.config/herdr/herdr.sock client_socket=/home/mateusdalligna/.config/herdr/herdr-client.sock
2026-08-10T22:02:17.214784Z  INFO herdr::logging: herdr starting event="app.startup" subsystem="server" outcome="started" pid=8341
2026-08-10T22:02:17.241906Z  INFO herdr::server::headless: client connected client_id=2 cols=183 rows=39 cell_width_px=0 cell_height_px=0 render_encoding=SemanticFrame
2026-08-10T22:02:17.372267Z  INFO herdr::logging: update available event="update.available" subsystem="update" outcome="ok" version="0.8.0"
2026-08-10T22:02:17.372295Z  INFO herdr::update: new stable build available at https://github.com/herdrdev/herdr/releases/download/v0.8.0/herdr-linux-x86_64
2026-08-10T22:02:17.372533Z  INFO herdr::update: auto-update check: 0.8.0 available, waiting for explicit install
2026-08-10T22:02:19.758726Z  INFO herdr::logging: pane child exited event="pane.exit" subsystem="pane" outcome="completed" pane_id=2 status="ExitStatus { code: 1, signal: None }"
2026-08-10T22:02:19.761674Z  INFO herdr::pane: pane session terminated pane=2 pid=8364 signal=Hangup
2026-08-10T22:02:19.761945Z  WARN herdr::app::actions: PaneDied for unknown pane pane=2
2026-08-10T22:02:21.599126Z  INFO herdr::logging: pane child exited event="pane.exit" subsystem="pane" outcome="completed" pane_id=1 status="ExitStatus { code: 1, signal: None }"
2026-08-10T22:02:21.602411Z  INFO herdr::pane: pane session terminated pane=1 pid=8361 signal=Hangup
2026-08-10T22:02:21.602636Z  WARN herdr::app::actions: PaneDied for unknown pane pane=1
2026-08-10T22:02:26.604517Z  INFO herdr::logging: session saved event="persist.save" subsystem="persist" outcome="ok" path=/home/mateusdalligna/.config/herdr/session.json workspaces=1
2026-08-10T22:18:02.621536Z  INFO herdr::server::headless: client disconnected client_id=2
2026-08-10T22:19:08.710842Z  INFO herdr::api::server: api server listening path=/home/mateusdalligna/.config/herdr/herdr.sock
2026-08-10T22:19:08.713247Z  INFO herdr::logging: spawning pane terminal event="pane.spawn.start" subsystem="pane" outcome="started" pane_id=1 rows=24 cols=80 scrollback_limit_bytes=10000000
2026-08-10T22:19:08.714286Z  INFO herdr::logging: pane child spawned event="pane.spawned" subsystem="pane" outcome="ok" pane_id=1 pid=7152
2026-08-10T22:19:08.715394Z  INFO herdr::logging: session restore evaluated event="persist.restore" subsystem="persist" outcome="ok" workspaces=1
2026-08-10T22:19:08.715428Z  INFO herdr::app: using pane scrollback configuration pane_scrollback_limit_bytes=10000000
2026-08-10T22:19:08.822531Z  INFO herdr::logging: checking for updates event="update.check.start" subsystem="update" outcome="started"
2026-08-10T22:19:08.824833Z  INFO herdr::server::headless: restored session already has workspaces; ignoring startup cwd cwd=/home/mateusdalligna
2026-08-10T22:19:08.824985Z  INFO herdr::server::headless: client protocol socket listening path=/home/mateusdalligna/.config/herdr/herdr-client.sock
2026-08-10T22:19:08.825013Z  INFO herdr::server::headless: herdr server started api_socket=/home/mateusdalligna/.config/herdr/herdr.sock client_socket=/home/mateusdalligna/.config/herdr/herdr-client.sock
2026-08-10T22:19:08.825535Z  INFO herdr::logging: herdr starting event="app.startup" subsystem="server" outcome="started" pid=7134
2026-08-10T22:19:08.863425Z  INFO herdr::server::headless: client connected client_id=2 cols=88 rows=39 cell_width_px=0 cell_height_px=0 render_encoding=SemanticFrame
2026-08-10T22:19:08.986386Z  INFO herdr::logging: update available event="update.available" subsystem="update" outcome="ok" version="0.8.0"
2026-08-10T22:19:08.986413Z  INFO herdr::update: new stable build available at https://github.com/herdrdev/herdr/releases/download/v0.8.0/herdr-linux-x86_64
2026-08-10T22:19:08.986613Z  INFO herdr::update: auto-update check: 0.8.0 available, waiting for explicit install
2026-08-10T22:19:30.838984Z  INFO herdr::pane: agent changed pane=1 previous_agent=None agent=Some(OpenCode) process=opencode pgid=Some(9758)
2026-08-10T22:21:12.716016Z  INFO herdr::logging: spawning pane terminal event="pane.spawn.start" subsystem="pane" outcome="started" pane_id=2 rows=38 cols=84 scrollback_limit_bytes=10000000
2026-08-10T22:21:12.717931Z  INFO herdr::logging: pane child spawned event="pane.spawned" subsystem="pane" outcome="ok" pane_id=2 pid=10835
2026-08-10T22:21:12.750076Z  INFO herdr::logging: tab focused event="tab.focus" subsystem="tab" outcome="ok" workspace_id="w1" tab_id="w1:t7"
2026-08-10T22:21:17.786559Z  INFO herdr::logging: session saved event="persist.save" subsystem="persist" outcome="ok" path=/home/mateusdalligna/.config/herdr/session.json workspaces=1
2026-08-10T22:23:03.524628Z  INFO herdr::server::headless: client resize client_id=2 cols=88 rows=41 cell_width_px=0 cell_height_px=0
2026-08-10T22:23:03.826302Z  INFO herdr::server::headless: client resize client_id=2 cols=88 rows=39 cell_width_px=0 cell_height_px=0
2026-08-10T22:23:23.576256Z  INFO herdr::server::headless: client resize client_id=2 cols=88 rows=41 cell_width_px=0 cell_height_px=0
2026-08-10T22:23:23.776833Z  INFO herdr::server::headless: client resize client_id=2 cols=88 rows=39 cell_width_px=0 cell_height_px=0
2026-08-10T22:23:31.207178Z  INFO herdr::server::headless: client resize client_id=2 cols=88 rows=41 cell_width_px=0 cell_height_px=0
2026-08-10T22:23:31.914192Z  INFO herdr::server::headless: client resize client_id=2 cols=88 rows=39 cell_width_px=0 cell_height_px=0
2026-08-10T22:39:01.923601Z  INFO herdr::server::headless: client resize client_id=2 cols=88 rows=41 cell_width_px=0 cell_height_px=0
2026-08-10T22:39:02.424551Z  INFO herdr::server::headless: client resize client_id=2 cols=88 rows=39 cell_width_px=0 cell_height_px=0
2026-08-10T22:39:59.645528Z  INFO herdr::pane: agent changed pane=2 previous_agent=None agent=Some(OpenCode) process=opencode pgid=Some(21002)
2026-08-10T22:41:29.994822Z  INFO herdr::logging: tab focused event="tab.focus" subsystem="tab" outcome="ok" workspace_id="w1" tab_id="w1:t6"
2026-08-10T22:41:35.034653Z  INFO herdr::logging: session saved event="persist.save" subsystem="persist" outcome="ok" path=/home/mateusdalligna/.config/herdr/session.json workspaces=1
2026-08-10T22:47:40.461655Z  INFO herdr::server::headless: client resize client_id=2 cols=185 rows=42 cell_width_px=0 cell_height_px=0
2026-08-10T22:47:59.439068Z  INFO herdr::logging: tab focused event="tab.focus" subsystem="tab" outcome="ok" workspace_id="w1" tab_id="w1:t7"
2026-08-10T22:48:01.727902Z  INFO herdr::logging: tab focused event="tab.focus" subsystem="tab" outcome="ok" workspace_id="w1" tab_id="w1:t6"
2026-08-10T22:48:06.765759Z  INFO herdr::logging: session saved event="persist.save" subsystem="persist" outcome="ok" path=/home/mateusdalligna/.config/herdr/session.json workspaces=1
2026-08-10T22:50:49.127011Z  INFO herdr::logging: tab focused event="tab.focus" subsystem="tab" outcome="ok" workspace_id="w1" tab_id="w1:t7"
2026-08-10T22:50:53.320416Z  INFO herdr::logging: tab focused event="tab.focus" subsystem="tab" outcome="ok" workspace_id="w1" tab_id="w1:t6"
2026-08-10T22:50:54.672481Z  INFO herdr::logging: tab focused event="tab.focus" subsystem="tab" outcome="ok" workspace_id="w1" tab_id="w1:t7"
2026-08-10T22:50:59.675376Z  INFO herdr::logging: session saved event="persist.save" subsystem="persist" outcome="ok" path=/home/mateusdalligna/.config/herdr/session.json workspaces=1
2026-08-10T22:51:00.703723Z  INFO herdr::pane: agent changed pane=2 previous_agent=Some(OpenCode) agent=None pgid=Some(10835)
2026-08-10T22:51:31.086352Z  INFO herdr::server::headless: client resize client_id=2 cols=88 rows=18 cell_width_px=0 cell_height_px=0
2026-08-10T22:51:35.191658Z  INFO herdr::server::headless: client resize client_id=2 cols=88 rows=39 cell_width_px=0 cell_height_px=0
2026-08-10T22:52:31.154273Z  INFO herdr::logging: tab focused event="tab.focus" subsystem="tab" outcome="ok" workspace_id="w1" tab_id="w1:t6"
2026-08-10T22:52:36.158094Z  INFO herdr::logging: session saved event="persist.save" subsystem="persist" outcome="ok" path=/home/mateusdalligna/.config/herdr/session.json workspaces=1
2026-08-10T22:54:35.057009Z  INFO herdr::logging: tab focused event="tab.focus" subsystem="tab" outcome="ok" workspace_id="w1" tab_id="w1:t7"
2026-08-10T22:54:40.059212Z  INFO herdr::logging: session saved event="persist.save" subsystem="persist" outcome="ok" path=/home/mateusdalligna/.config/herdr/session.json workspaces=1
2026-08-10T22:54:49.600197Z  INFO herdr::server::headless: client resize client_id=2 cols=88 rows=41 cell_width_px=0 cell_height_px=0
2026-08-10T22:54:50.005707Z  INFO herdr::server::headless: client resize client_id=2 cols=88 rows=39 cell_width_px=0 cell_height_px=0
2026-08-10T22:54:55.414721Z  INFO herdr::server::headless: client resize client_id=2 cols=88 rows=41 cell_width_px=0 cell_height_px=0
2026-08-10T22:54:55.815959Z  INFO herdr::server::headless: client resize client_id=2 cols=88 rows=39 cell_width_px=0 cell_height_px=0
2026-08-10T22:55:13.159756Z  INFO herdr::server::headless: client resize client_id=2 cols=88 rows=41 cell_width_px=0 cell_height_px=0
2026-08-10T22:55:13.560701Z  INFO herdr::server::headless: client resize client_id=2 cols=88 rows=39 cell_width_px=0 cell_height_px=0
2026-08-10T22:55:20.112429Z  INFO herdr::logging: spawning pane terminal event="pane.spawn.start" subsystem="pane" outcome="started" pane_id=3 rows=38 cols=62 scrollback_limit_bytes=10000000
2026-08-10T22:55:20.114273Z  INFO herdr::logging: pane child spawned event="pane.spawned" subsystem="pane" outcome="ok" pane_id=3 pid=27662
2026-08-10T22:55:20.114735Z  INFO herdr::logging: tab focused event="tab.focus" subsystem="tab" outcome="ok" workspace_id="w1" tab_id="w1:t7"
2026-08-10T22:55:22.564155Z  INFO herdr::logging: pane child exited event="pane.exit" subsystem="pane" outcome="completed" pane_id=3 status="ExitStatus { code: 1, signal: None }"
2026-08-10T22:55:22.588452Z  INFO herdr::pane: pane session terminated pane=3 pid=27662 signal=Hangup
2026-08-10T22:55:22.588938Z  WARN herdr::app::actions: PaneDied for unknown pane pane=3
2026-08-10T22:55:23.715003Z  INFO herdr::logging: spawning pane terminal event="pane.spawn.start" subsystem="pane" outcome="started" pane_id=4 rows=38 cols=62 scrollback_limit_bytes=10000000
2026-08-10T22:55:23.716744Z  INFO herdr::logging: pane child spawned event="pane.spawned" subsystem="pane" outcome="ok" pane_id=4 pid=27765
2026-08-10T22:55:23.752335Z  INFO herdr::logging: tab focused event="tab.focus" subsystem="tab" outcome="ok" workspace_id="w1" tab_id="w1:t7"
2026-08-10T22:55:28.790301Z  INFO herdr::logging: session saved event="persist.save" subsystem="persist" outcome="ok" path=/home/mateusdalligna/.config/herdr/session.json workspaces=1
2026-08-10T22:55:55.572923Z  INFO herdr::logging: tab focused event="tab.focus" subsystem="tab" outcome="ok" workspace_id="w1" tab_id="w1:t7"
2026-08-10T22:56:00.575835Z  INFO herdr::logging: session saved event="persist.save" subsystem="persist" outcome="ok" path=/home/mateusdalligna/.config/herdr/session.json workspaces=1
2026-08-10T22:56:03.875170Z  INFO herdr::server::headless: client resize client_id=2 cols=88 rows=41 cell_width_px=0 cell_height_px=0
2026-08-10T22:56:04.276691Z  INFO herdr::server::headless: client resize client_id=2 cols=88 rows=39 cell_width_px=0 cell_height_px=0
2026-08-10T22:56:12.094801Z  INFO herdr::server::headless: client resize client_id=2 cols=88 rows=41 cell_width_px=0 cell_height_px=0
2026-08-10T22:56:12.395603Z  INFO herdr::server::headless: client resize client_id=2 cols=88 rows=39 cell_width_px=0 cell_height_px=0
2026-08-10T22:56:41.605892Z  INFO herdr::logging: tab focused event="tab.focus" subsystem="tab" outcome="ok" workspace_id="w1" tab_id="w1:t6"
2026-08-10T22:56:46.607827Z  INFO herdr::logging: session saved event="persist.save" subsystem="persist" outcome="ok" path=/home/mateusdalligna/.config/herdr/session.json workspaces=1
2026-08-10T23:00:09.007187Z  INFO herdr::logging: tab focused event="tab.focus" subsystem="tab" outcome="ok" workspace_id="w1" tab_id="w1:t7"
2026-08-10T23:00:14.009554Z  INFO herdr::logging: session saved event="persist.save" subsystem="persist" outcome="ok" path=/home/mateusdalligna/.config/herdr/session.json workspaces=1
2026-08-10T23:00:20.291458Z  INFO herdr::server::headless: client resize client_id=2 cols=88 rows=41 cell_width_px=0 cell_height_px=0
2026-08-10T23:00:20.793159Z  INFO herdr::server::headless: client resize client_id=2 cols=88 rows=39 cell_width_px=0 cell_height_px=0
2026-08-10T23:00:28.908733Z  INFO herdr::server::headless: client resize client_id=2 cols=88 rows=41 cell_width_px=0 cell_height_px=0
2026-08-10T23:00:29.310122Z  INFO herdr::server::headless: client resize client_id=2 cols=88 rows=39 cell_width_px=0 cell_height_px=0
2026-08-10T23:00:38.561629Z  INFO herdr::logging: tab focused event="tab.focus" subsystem="tab" outcome="ok" workspace_id="w1" tab_id="w1:t7"
2026-08-10T23:00:43.563790Z  INFO herdr::logging: session saved event="persist.save" subsystem="persist" outcome="ok" path=/home/mateusdalligna/.config/herdr/session.json workspaces=1
2026-08-10T23:00:51.976901Z  INFO herdr::logging: tab focused event="tab.focus" subsystem="tab" outcome="ok" workspace_id="w1" tab_id="w1:t7"
2026-08-10T23:00:56.979447Z  INFO herdr::logging: session saved event="persist.save" subsystem="persist" outcome="ok" path=/home/mateusdalligna/.config/herdr/session.json workspaces=1
2026-08-10T23:01:00.881255Z  INFO herdr::server::headless: client resize client_id=2 cols=88 rows=41 cell_width_px=0 cell_height_px=0
2026-08-10T23:01:01.182508Z  INFO herdr::server::headless: client resize client_id=2 cols=88 rows=39 cell_width_px=0 cell_height_px=0
2026-08-10T23:01:13.707157Z  INFO herdr::server::headless: client resize client_id=2 cols=88 rows=41 cell_width_px=0 cell_height_px=0
2026-08-10T23:01:13.907455Z  INFO herdr::server::headless: client resize client_id=2 cols=88 rows=39 cell_width_px=0 cell_height_px=0
2026-08-10T23:01:18.416200Z  INFO herdr::server::headless: client resize client_id=2 cols=88 rows=41 cell_width_px=0 cell_height_px=0
2026-08-10T23:01:18.816600Z  INFO herdr::server::headless: client resize client_id=2 cols=88 rows=39 cell_width_px=0 cell_height_px=0
2026-08-10T23:01:21.621972Z  INFO herdr::server::headless: client resize client_id=2 cols=88 rows=41 cell_width_px=0 cell_height_px=0
2026-08-10T23:01:21.922681Z  INFO herdr::server::headless: client resize client_id=2 cols=88 rows=39 cell_width_px=0 cell_height_px=0
2026-08-10T23:01:30.241660Z  INFO herdr::server::headless: client resize client_id=2 cols=88 rows=41 cell_width_px=0 cell_height_px=0
2026-08-10T23:01:30.743420Z  INFO herdr::server::headless: client resize client_id=2 cols=88 rows=39 cell_width_px=0 cell_height_px=0
2026-08-10T23:01:34.852419Z  INFO herdr::server::headless: client resize client_id=2 cols=185 rows=42 cell_width_px=0 cell_height_px=0
2026-08-10T23:03:01.933672Z  INFO herdr::server::headless: client disconnected client_id=2
2026-08-17T22:51:52.662017Z  INFO herdr::api::server: api server listening path=/home/mateusdalligna/.config/herdr/herdr.sock
2026-08-17T22:51:52.664664Z  INFO herdr::logging: spawning pane terminal event="pane.spawn.start" subsystem="pane" outcome="started" pane_id=1 rows=24 cols=80 scrollback_limit_bytes=10000000
2026-08-17T22:51:52.666340Z  INFO herdr::logging: pane child spawned event="pane.spawned" subsystem="pane" outcome="ok" pane_id=1 pid=4453
2026-08-17T22:51:52.666687Z  INFO herdr::logging: spawning pane terminal event="pane.spawn.start" subsystem="pane" outcome="started" pane_id=2 rows=24 cols=80 scrollback_limit_bytes=10000000
2026-08-17T22:51:52.668148Z  INFO herdr::logging: pane child spawned event="pane.spawned" subsystem="pane" outcome="ok" pane_id=2 pid=4456
2026-08-17T22:51:52.668498Z  INFO herdr::logging: spawning pane terminal event="pane.spawn.start" subsystem="pane" outcome="started" pane_id=3 rows=24 cols=80 scrollback_limit_bytes=10000000
2026-08-17T22:51:52.669726Z  INFO herdr::logging: pane child spawned event="pane.spawned" subsystem="pane" outcome="ok" pane_id=3 pid=4459
2026-08-17T22:51:52.670781Z  INFO herdr::logging: session restore evaluated event="persist.restore" subsystem="persist" outcome="ok" workspaces=1
2026-08-17T22:51:52.670804Z  INFO herdr::app: using pane scrollback configuration pane_scrollback_limit_bytes=10000000
2026-08-17T22:51:52.785970Z  INFO herdr::logging: checking for updates event="update.check.start" subsystem="update" outcome="started"
2026-08-17T22:51:52.789406Z  INFO herdr::server::headless: restored session already has workspaces; ignoring startup cwd cwd=/home/mateusdalligna
2026-08-17T22:51:52.789574Z  INFO herdr::server::headless: client protocol socket listening path=/home/mateusdalligna/.config/herdr/herdr-client.sock
2026-08-17T22:51:52.789609Z  INFO herdr::server::headless: herdr server started api_socket=/home/mateusdalligna/.config/herdr/herdr.sock client_socket=/home/mateusdalligna/.config/herdr/herdr-client.sock
2026-08-17T22:51:52.789878Z  INFO herdr::logging: herdr starting event="app.startup" subsystem="server" outcome="started" pid=4435
2026-08-17T22:51:52.831546Z  INFO herdr::server::headless: client connected client_id=2 cols=183 rows=39 cell_width_px=0 cell_height_px=0 render_encoding=SemanticFrame
2026-08-17T22:51:54.490738Z  INFO herdr::logging: pane child exited event="pane.exit" subsystem="pane" outcome="completed" pane_id=2 status="ExitStatus { code: 1, signal: None }"
2026-08-17T22:51:54.494404Z  INFO herdr::pane: pane session terminated pane=2 pid=4456 signal=Hangup
2026-08-17T22:51:54.494687Z  WARN herdr::app::actions: PaneDied for unknown pane pane=2
2026-08-17T22:51:54.503180Z  INFO herdr::logging: update available event="update.available" subsystem="update" outcome="ok" version="0.8.0"
2026-08-17T22:51:54.503208Z  INFO herdr::update: new stable build available at https://github.com/herdrdev/herdr/releases/download/v0.8.0/herdr-linux-x86_64
2026-08-17T22:51:54.503594Z  INFO herdr::update: auto-update check: 0.8.0 available, waiting for explicit install
2026-08-17T22:51:57.901547Z  INFO herdr::logging: tab focused event="tab.focus" subsystem="tab" outcome="ok" workspace_id="w1" tab_id="w1:t6"
2026-08-17T22:51:58.890127Z  WARN herdr::detect::manifest_update: skipping unknown remote manifest agent agent="qwen"
2026-08-17T22:52:02.904555Z  INFO herdr::logging: session saved event="persist.save" subsystem="persist" outcome="ok" path=/home/mateusdalligna/.config/herdr/session.json workspaces=1
2026-08-17T22:52:17.558238Z  INFO herdr::server::headless: client disconnected client_id=2
2026-08-20T21:41:02.009099Z  INFO herdr::api::server: api server listening path=/home/mateusdalligna/.config/herdr/herdr.sock
2026-08-20T21:41:02.011014Z  INFO herdr::logging: spawning pane terminal event="pane.spawn.start" subsystem="pane" outcome="started" pane_id=1 rows=24 cols=80 scrollback_limit_bytes=10000000
2026-08-20T21:41:02.011795Z  INFO herdr::logging: pane child spawned event="pane.spawned" subsystem="pane" outcome="ok" pane_id=1 pid=7193
2026-08-20T21:41:02.012057Z  INFO herdr::logging: spawning pane terminal event="pane.spawn.start" subsystem="pane" outcome="started" pane_id=2 rows=24 cols=80 scrollback_limit_bytes=10000000
2026-08-20T21:41:02.012758Z  INFO herdr::logging: pane child spawned event="pane.spawned" subsystem="pane" outcome="ok" pane_id=2 pid=7196
2026-08-20T21:41:02.012978Z  INFO herdr::logging: session restore evaluated event="persist.restore" subsystem="persist" outcome="ok" workspaces=1
2026-08-20T21:41:02.012988Z  INFO herdr::app: using pane scrollback configuration pane_scrollback_limit_bytes=10000000
2026-08-20T21:41:02.076979Z  INFO herdr::logging: checking for updates event="update.check.start" subsystem="update" outcome="started"
2026-08-20T21:41:02.078593Z  INFO herdr::server::headless: restored session already has workspaces; ignoring startup cwd cwd=/home/mateusdalligna/.config
2026-08-20T21:41:02.078687Z  INFO herdr::server::headless: client protocol socket listening path=/home/mateusdalligna/.config/herdr/herdr-client.sock
2026-08-20T21:41:02.078713Z  INFO herdr::server::headless: herdr server started api_socket=/home/mateusdalligna/.config/herdr/herdr.sock client_socket=/home/mateusdalligna/.config/herdr/herdr-client.sock
2026-08-20T21:41:02.078953Z  INFO herdr::logging: herdr starting event="app.startup" subsystem="server" outcome="started" pid=7175
2026-08-20T21:41:02.113579Z  INFO herdr::server::headless: client connected client_id=2 cols=183 rows=39 cell_width_px=0 cell_height_px=0 render_encoding=SemanticFrame
2026-08-20T21:41:02.486318Z  WARN herdr::detect::manifest_update: skipping unknown remote manifest agent agent="qwen"
2026-08-20T21:41:02.716236Z  INFO herdr::logging: update available event="update.available" subsystem="update" outcome="ok" version="0.8.2"
2026-08-20T21:41:02.716258Z  INFO herdr::update: new stable build available at https://github.com/herdrdev/herdr/releases/download/v0.8.2/herdr-linux-x86_64
2026-08-20T21:41:02.716452Z  INFO herdr::update: auto-update check: 0.8.2 available, waiting for explicit install
2026-08-20T21:41:10.385804Z  INFO herdr::logging: tab focused event="tab.focus" subsystem="tab" outcome="ok" workspace_id="w1" tab_id="w1:t7"
2026-08-20T21:41:11.274118Z  INFO herdr::logging: tab focused event="tab.focus" subsystem="tab" outcome="ok" workspace_id="w1" tab_id="w1:t6"
2026-08-20T21:41:16.276430Z  INFO herdr::logging: session saved event="persist.save" subsystem="persist" outcome="ok" path=/home/mateusdalligna/.config/herdr/session.json workspaces=1
2026-08-20T21:41:18.120657Z  INFO herdr::pane: agent changed pane=1 previous_agent=None agent=Some(OpenCode) process=opencode pgid=Some(7685)
2026-08-20T21:41:33.785981Z  INFO herdr::logging: tab focused event="tab.focus" subsystem="tab" outcome="ok" workspace_id="w1" tab_id="w1:t7"
2026-08-20T21:41:38.787784Z  INFO herdr::logging: session saved event="persist.save" subsystem="persist" outcome="ok" path=/home/mateusdalligna/.config/herdr/session.json workspaces=1
2026-08-20T21:41:43.866774Z  INFO herdr::logging: tab focused event="tab.focus" subsystem="tab" outcome="ok" workspace_id="w1" tab_id="w1:t6"
2026-08-20T21:41:48.580931Z  INFO herdr::pane: agent changed pane=1 previous_agent=Some(OpenCode) agent=None pgid=Some(7193)
2026-08-20T21:41:48.906208Z  INFO herdr::logging: session saved event="persist.save" subsystem="persist" outcome="ok" path=/home/mateusdalligna/.config/herdr/session.json workspaces=1
2026-08-20T21:44:13.141632Z  INFO herdr::server::headless: client resize client_id=2 cols=88 rows=39 cell_width_px=0 cell_height_px=0
2026-08-20T21:48:39.481774Z  INFO herdr::server::headless: client resize client_id=2 cols=185 rows=42 cell_width_px=0 cell_height_px=0
2026-08-20T21:48:41.754023Z  INFO herdr::logging: spawning pane terminal event="pane.spawn.start" subsystem="pane" outcome="started" pane_id=3 rows=41 cols=181 scrollback_limit_bytes=10000000
2026-08-20T21:48:41.755361Z  INFO herdr::logging: pane child spawned event="pane.spawned" subsystem="pane" outcome="ok" pane_id=3 pid=10362
2026-08-20T21:48:41.755517Z  INFO herdr::logging: tab focused event="tab.focus" subsystem="tab" outcome="ok" workspace_id="w1" tab_id="w1:t6"
2026-08-20T21:48:42.882235Z  INFO herdr::logging: spawning pane terminal event="pane.spawn.start" subsystem="pane" outcome="started" pane_id=4 rows=41 cols=91 scrollback_limit_bytes=10000000
2026-08-20T21:48:42.884130Z  INFO herdr::logging: pane child spawned event="pane.spawned" subsystem="pane" outcome="ok" pane_id=4 pid=10460
2026-08-20T21:48:42.884294Z  INFO herdr::logging: tab focused event="tab.focus" subsystem="tab" outcome="ok" workspace_id="w1" tab_id="w1:t6"
2026-08-20T21:48:45.634255Z  INFO herdr::logging: tab focused event="tab.focus" subsystem="tab" outcome="ok" workspace_id="w1" tab_id="w1:t6"
2026-08-20T21:48:48.823572Z  INFO herdr::pane: agent changed pane=3 previous_agent=None agent=Some(OpenCode) process=opencode pgid=Some(10634)
2026-08-20T21:48:50.636080Z  INFO herdr::logging: session saved event="persist.save" subsystem="persist" outcome="ok" path=/home/mateusdalligna/.config/herdr/session.json workspaces=1
2026-08-20T21:48:54.586505Z  INFO herdr::logging: tab focused event="tab.focus" subsystem="tab" outcome="ok" workspace_id="w1" tab_id="w1:t6"
2026-08-20T21:48:59.589205Z  INFO herdr::logging: session saved event="persist.save" subsystem="persist" outcome="ok" path=/home/mateusdalligna/.config/herdr/session.json workspaces=1
2026-08-20T21:49:01.259082Z  INFO herdr::logging: tab focused event="tab.focus" subsystem="tab" outcome="ok" workspace_id="w1" tab_id="w1:t6"
2026-08-20T21:49:01.594506Z  INFO herdr::logging: tab focused event="tab.focus" subsystem="tab" outcome="ok" workspace_id="w1" tab_id="w1:t6"
2026-08-20T21:49:03.002856Z  INFO herdr::logging: tab focused event="tab.focus" subsystem="tab" outcome="ok" workspace_id="w1" tab_id="w1:t6"
2026-08-20T21:49:05.058857Z  INFO herdr::logging: tab focused event="tab.focus" subsystem="tab" outcome="ok" workspace_id="w1" tab_id="w1:t6"
2026-08-20T21:49:05.579149Z  INFO herdr::logging: tab focused event="tab.focus" subsystem="tab" outcome="ok" workspace_id="w1" tab_id="w1:t6"
2026-08-20T21:49:10.581004Z  INFO herdr::logging: session saved event="persist.save" subsystem="persist" outcome="ok" path=/home/mateusdalligna/.config/herdr/session.json workspaces=1
2026-08-20T21:49:28.396355Z  INFO herdr::logging: tab focused event="tab.focus" subsystem="tab" outcome="ok" workspace_id="w1" tab_id="w1:t6"
2026-08-20T21:49:29.223076Z  INFO herdr::logging: pane child exited event="pane.exit" subsystem="pane" outcome="completed" pane_id=1 status="ExitStatus { code: 1, signal: None }"
2026-08-20T21:49:29.226589Z  INFO herdr::pane: pane session terminated pane=1 pid=7193 signal=Hangup
2026-08-20T21:49:29.226817Z  WARN herdr::app::actions: PaneDied for unknown pane pane=1
2026-08-20T21:49:30.375247Z  INFO herdr::logging: pane child exited event="pane.exit" subsystem="pane" outcome="completed" pane_id=3 status="ExitStatus { code: 1, signal: None }"
2026-08-20T21:49:30.438738Z  INFO herdr::pane: pane session terminated pane=3 pid=10362 signal=Hangup
2026-08-20T21:49:30.438959Z  WARN herdr::app::actions: PaneDied for unknown pane pane=3
2026-08-20T21:49:35.440900Z  INFO herdr::logging: session saved event="persist.save" subsystem="persist" outcome="ok" path=/home/mateusdalligna/.config/herdr/session.json workspaces=1
2026-08-20T21:49:53.565201Z  INFO herdr::server::headless: client resize client_id=2 cols=88 rows=39 cell_width_px=0 cell_height_px=0
2026-08-20T21:50:28.321734Z  INFO herdr::server::headless: client resize client_id=2 cols=88 rows=18 cell_width_px=0 cell_height_px=0
2026-08-20T21:50:30.123329Z  INFO herdr::server::headless: client resize client_id=2 cols=88 rows=39 cell_width_px=0 cell_height_px=0
2026-08-20T21:54:17.721321Z  INFO herdr::server::headless: client resize client_id=2 cols=185 rows=42 cell_width_px=0 cell_height_px=0
2026-08-20T21:55:20.390085Z  INFO herdr::server::headless: client disconnected client_id=2
2026-08-20T21:55:23.153044Z  INFO herdr::server::headless: client connected client_id=4 cols=88 rows=39 cell_width_px=0 cell_height_px=0 render_encoding=SemanticFrame
2026-08-20T21:55:29.951417Z  INFO herdr::logging: pane child exited event="pane.exit" subsystem="pane" outcome="completed" pane_id=4 status="ExitStatus { code: 1, signal: None }"
2026-08-20T21:55:29.994907Z  INFO herdr::pane: pane session terminated pane=4 pid=10460 signal=Hangup
2026-08-20T21:55:29.995255Z  WARN herdr::app::actions: PaneDied for unknown pane pane=4
2026-08-20T21:55:34.997156Z  INFO herdr::logging: session saved event="persist.save" subsystem="persist" outcome="ok" path=/home/mateusdalligna/.config/herdr/session.json workspaces=1
2026-08-20T21:58:56.182284Z  INFO herdr::server::headless: client resize client_id=4 cols=88 rows=41 cell_width_px=0 cell_height_px=0
2026-08-20T21:58:56.282368Z  INFO herdr::server::headless: client resize client_id=4 cols=88 rows=39 cell_width_px=0 cell_height_px=0
2026-08-20T21:59:00.986326Z  INFO herdr::server::headless: client resize client_id=4 cols=183 rows=39 cell_width_px=0 cell_height_px=0
2026-08-20T21:59:01.086432Z  INFO herdr::server::headless: client resize client_id=4 cols=88 rows=39 cell_width_px=0 cell_height_px=0
2026-08-20T22:04:23.295396Z  INFO herdr::logging: spawning pane terminal event="pane.spawn.start" subsystem="pane" outcome="started" pane_id=5 rows=38 cols=84 scrollback_limit_bytes=10000000
2026-08-20T22:04:23.296715Z  INFO herdr::logging: pane child spawned event="pane.spawned" subsystem="pane" outcome="ok" pane_id=5 pid=19056
2026-08-20T22:04:23.296873Z  INFO herdr::logging: tab focused event="tab.focus" subsystem="tab" outcome="ok" workspace_id="w1" tab_id="w1:t8"
2026-08-20T22:04:28.299576Z  INFO herdr::logging: session saved event="persist.save" subsystem="persist" outcome="ok" path=/home/mateusdalligna/.config/herdr/session.json workspaces=1
2026-08-20T22:11:02.536963Z  WARN herdr::detect::manifest_update: skipping unknown remote manifest agent agent="qwen"
2026-08-20T22:11:15.552356Z  INFO herdr::logging: tab focused event="tab.focus" subsystem="tab" outcome="ok" workspace_id="w1" tab_id="w1:t7"
2026-08-20T22:11:20.556434Z  INFO herdr::logging: session saved event="persist.save" subsystem="persist" outcome="ok" path=/home/mateusdalligna/.config/herdr/session.json workspaces=1
2026-08-20T22:14:27.902065Z  INFO herdr::logging: tab focused event="tab.focus" subsystem="tab" outcome="ok" workspace_id="w1" tab_id="w1:t8"
2026-08-20T22:14:32.905834Z  INFO herdr::logging: session saved event="persist.save" subsystem="persist" outcome="ok" path=/home/mateusdalligna/.config/herdr/session.json workspaces=1
2026-08-20T22:18:06.951722Z  INFO herdr::logging: tab focused event="tab.focus" subsystem="tab" outcome="ok" workspace_id="w1" tab_id="w1:t7"
2026-08-20T22:18:11.955494Z  INFO herdr::logging: session saved event="persist.save" subsystem="persist" outcome="ok" path=/home/mateusdalligna/.config/herdr/session.json workspaces=1
2026-08-20T22:27:50.120096Z  INFO herdr::api::server: api server listening path=/home/mateusdalligna/.config/herdr/herdr.sock
2026-08-20T22:27:50.122033Z  INFO herdr::logging: spawning pane terminal event="pane.spawn.start" subsystem="pane" outcome="started" pane_id=1 rows=24 cols=80 scrollback_limit_bytes=10000000
2026-08-20T22:27:50.122924Z  INFO herdr::logging: pane child spawned event="pane.spawned" subsystem="pane" outcome="ok" pane_id=1 pid=1807
2026-08-20T22:27:50.123161Z  INFO herdr::logging: spawning pane terminal event="pane.spawn.start" subsystem="pane" outcome="started" pane_id=2 rows=24 cols=80 scrollback_limit_bytes=10000000
2026-08-20T22:27:50.123926Z  INFO herdr::logging: pane child spawned event="pane.spawned" subsystem="pane" outcome="ok" pane_id=2 pid=1810
2026-08-20T22:27:50.124889Z  INFO herdr::logging: session restore evaluated event="persist.restore" subsystem="persist" outcome="ok" workspaces=1
2026-08-20T22:27:50.124903Z  INFO herdr::app: using pane scrollback configuration pane_scrollback_limit_bytes=10000000
2026-08-20T22:27:50.200860Z  INFO herdr::logging: checking for updates event="update.check.start" subsystem="update" outcome="started"
2026-08-20T22:27:50.202667Z  INFO herdr::server::headless: restored session already has workspaces; ignoring startup cwd cwd=/home/mateusdalligna
2026-08-20T22:27:50.202772Z  INFO herdr::server::headless: client protocol socket listening path=/home/mateusdalligna/.config/herdr/herdr-client.sock
2026-08-20T22:27:50.202801Z  INFO herdr::server::headless: herdr server started api_socket=/home/mateusdalligna/.config/herdr/herdr.sock client_socket=/home/mateusdalligna/.config/herdr/herdr-client.sock
2026-08-20T22:27:50.203053Z  INFO herdr::logging: herdr starting event="app.startup" subsystem="server" outcome="started" pid=1789
2026-08-20T22:27:50.220091Z  INFO herdr::server::headless: client connected client_id=2 cols=183 rows=39 cell_width_px=0 cell_height_px=0 render_encoding=SemanticFrame
2026-08-20T22:27:51.556804Z  INFO herdr::logging: tab focused event="tab.focus" subsystem="tab" outcome="ok" workspace_id="w1" tab_id="w1:t8"
2026-08-20T22:27:56.562116Z  INFO herdr::logging: session saved event="persist.save" subsystem="persist" outcome="ok" path=/home/mateusdalligna/.config/herdr/session.json workspaces=1
2026-08-20T22:28:08.218501Z  WARN herdr::detect::manifest_update: agent detection manifest update failed: failed to fetch https://herdr.dev/agent-detection/index.toml
2026-08-20T22:28:45.232559Z  INFO herdr::logging: spawning pane terminal event="pane.spawn.start" subsystem="pane" outcome="started" pane_id=3 rows=38 cols=157 scrollback_limit_bytes=10000000
2026-08-20T22:28:45.233852Z  INFO herdr::logging: pane child spawned event="pane.spawned" subsystem="pane" outcome="ok" pane_id=3 pid=2301
2026-08-20T22:28:45.234029Z  INFO herdr::logging: tab focused event="tab.focus" subsystem="tab" outcome="ok" workspace_id="w1" tab_id="w1:t8"
2026-08-20T22:28:50.236796Z  INFO herdr::logging: session saved event="persist.save" subsystem="persist" outcome="ok" path=/home/mateusdalligna/.config/herdr/session.json workspaces=1
2026-08-20T22:28:51.616678Z  INFO herdr::logging: tab focused event="tab.focus" subsystem="tab" outcome="ok" workspace_id="w1" tab_id="w1:t8"
2026-08-20T22:28:56.650396Z  INFO herdr::logging: session saved event="persist.save" subsystem="persist" outcome="ok" path=/home/mateusdalligna/.config/herdr/session.json workspaces=1
2026-08-20T22:29:40.977310Z  INFO herdr::logging: tab focused event="tab.focus" subsystem="tab" outcome="ok" workspace_id="w1" tab_id="w1:t8"
2026-08-20T22:29:45.979993Z  INFO herdr::logging: session saved event="persist.save" subsystem="persist" outcome="ok" path=/home/mateusdalligna/.config/herdr/session.json workspaces=1
2026-08-20T22:30:17.009946Z  INFO herdr::logging: tab focused event="tab.focus" subsystem="tab" outcome="ok" workspace_id="w1" tab_id="w1:t8"
2026-08-20T22:30:22.012652Z  INFO herdr::logging: session saved event="persist.save" subsystem="persist" outcome="ok" path=/home/mateusdalligna/.config/herdr/session.json workspaces=1
2026-08-20T22:30:28.162147Z  INFO herdr::logging: tab focused event="tab.focus" subsystem="tab" outcome="ok" workspace_id="w1" tab_id="w1:t8"
2026-08-20T22:30:28.922455Z  INFO herdr::logging: tab focused event="tab.focus" subsystem="tab" outcome="ok" workspace_id="w1" tab_id="w1:t8"
2026-08-20T22:30:29.706591Z  INFO herdr::logging: tab focused event="tab.focus" subsystem="tab" outcome="ok" workspace_id="w1" tab_id="w1:t8"
2026-08-20T22:30:31.634733Z  INFO herdr::logging: tab focused event="tab.focus" subsystem="tab" outcome="ok" workspace_id="w1" tab_id="w1:t8"
2026-08-20T22:30:36.637341Z  INFO herdr::logging: session saved event="persist.save" subsystem="persist" outcome="ok" path=/home/mateusdalligna/.config/herdr/session.json workspaces=1
2026-08-20T22:30:37.163021Z  INFO herdr::logging: tab focused event="tab.focus" subsystem="tab" outcome="ok" workspace_id="w1" tab_id="w1:t7"
2026-08-20T22:30:42.170295Z  INFO herdr::logging: session saved event="persist.save" subsystem="persist" outcome="ok" path=/home/mateusdalligna/.config/herdr/session.json workspaces=1
2026-08-20T22:37:32.893028Z  INFO herdr::api::server: api server listening path=/home/mateusdalligna/.config/herdr/herdr.sock
2026-08-20T22:37:32.894905Z  INFO herdr::logging: spawning pane terminal event="pane.spawn.start" subsystem="pane" outcome="started" pane_id=1 rows=24 cols=80 scrollback_limit_bytes=10000000
2026-08-20T22:37:32.895758Z  INFO herdr::logging: pane child spawned event="pane.spawned" subsystem="pane" outcome="ok" pane_id=1 pid=1830
2026-08-20T22:37:32.896479Z  INFO herdr::logging: spawning pane terminal event="pane.spawn.start" subsystem="pane" outcome="started" pane_id=2 rows=24 cols=80 scrollback_limit_bytes=10000000
2026-08-20T22:37:32.897235Z  INFO herdr::logging: pane child spawned event="pane.spawned" subsystem="pane" outcome="ok" pane_id=2 pid=1833
2026-08-20T22:37:32.897443Z  INFO herdr::logging: spawning pane terminal event="pane.spawn.start" subsystem="pane" outcome="started" pane_id=3 rows=24 cols=80 scrollback_limit_bytes=10000000
2026-08-20T22:37:32.898227Z  INFO herdr::logging: pane child spawned event="pane.spawned" subsystem="pane" outcome="ok" pane_id=3 pid=1837
2026-08-20T22:37:32.899130Z  INFO herdr::logging: session restore evaluated event="persist.restore" subsystem="persist" outcome="ok" workspaces=1
2026-08-20T22:37:32.899141Z  INFO herdr::app: using pane scrollback configuration pane_scrollback_limit_bytes=10000000
2026-08-20T22:37:32.973555Z  INFO herdr::logging: checking for updates event="update.check.start" subsystem="update" outcome="started"
2026-08-20T22:37:32.975366Z  INFO herdr::server::headless: restored session already has workspaces; ignoring startup cwd cwd=/home/mateusdalligna
2026-08-20T22:37:32.975460Z  INFO herdr::server::headless: client protocol socket listening path=/home/mateusdalligna/.config/herdr/herdr-client.sock
2026-08-20T22:37:32.975481Z  INFO herdr::server::headless: herdr server started api_socket=/home/mateusdalligna/.config/herdr/herdr.sock client_socket=/home/mateusdalligna/.config/herdr/herdr-client.sock
2026-08-20T22:37:32.975721Z  INFO herdr::logging: herdr starting event="app.startup" subsystem="server" outcome="started" pid=1812
2026-08-20T22:37:32.993816Z  INFO herdr::server::headless: client connected client_id=2 cols=183 rows=39 cell_width_px=0 cell_height_px=0 render_encoding=SemanticFrame
2026-08-20T22:37:34.492536Z  INFO herdr::logging: tab focused event="tab.focus" subsystem="tab" outcome="ok" workspace_id="w1" tab_id="w1:t8"
2026-08-20T22:37:35.983710Z  WARN herdr::detect::manifest_update: agent detection manifest update failed: failed to fetch https://herdr.dev/agent-detection/index.toml
2026-08-20T22:37:37.957098Z  INFO herdr::logging: tab focused event="tab.focus" subsystem="tab" outcome="ok" workspace_id="w1" tab_id="w1:t8"
2026-08-20T22:37:39.599133Z  INFO herdr::logging: pane child exited event="pane.exit" subsystem="pane" outcome="completed" pane_id=3 status="ExitStatus { code: 1, signal: None }"
2026-08-20T22:37:39.602786Z  INFO herdr::pane: pane session terminated pane=3 pid=1837 signal=Hangup
2026-08-20T22:37:39.602917Z  WARN herdr::app::actions: PaneDied for unknown pane pane=3
2026-08-20T22:37:39.986462Z  WARN herdr::logging: update check failed event="update.check.complete" subsystem="update" outcome="error" err="failed to fetch update manifest"
2026-08-20T22:37:44.605271Z  INFO herdr::logging: session saved event="persist.save" subsystem="persist" outcome="ok" path=/home/mateusdalligna/.config/herdr/session.json workspaces=1
2026-08-20T22:37:45.957540Z  INFO herdr::logging: spawning pane terminal event="pane.spawn.start" subsystem="pane" outcome="started" pane_id=4 rows=38 cols=157 scrollback_limit_bytes=10000000
2026-08-20T22:37:45.959091Z  INFO herdr::logging: pane child spawned event="pane.spawned" subsystem="pane" outcome="ok" pane_id=4 pid=2309
2026-08-20T22:37:45.959228Z  INFO herdr::logging: tab focused event="tab.focus" subsystem="tab" outcome="ok" workspace_id="w1" tab_id="w1:t8"
2026-08-20T22:37:47.735131Z  INFO herdr::logging: tab focused event="tab.focus" subsystem="tab" outcome="ok" workspace_id="w1" tab_id="w1:t7"
2026-08-20T22:37:52.737483Z  INFO herdr::logging: session saved event="persist.save" subsystem="persist" outcome="ok" path=/home/mateusdalligna/.config/herdr/session.json workspaces=1
2026-08-20T22:40:15.808909Z  INFO herdr::server::headless: client resize client_id=2 cols=88 rows=39 cell_width_px=0 cell_height_px=0
2026-08-20T22:40:21.814756Z  INFO herdr::server::headless: client resize client_id=2 cols=183 rows=39 cell_width_px=0 cell_height_px=0
2026-08-20T22:40:22.615660Z  INFO herdr::server::headless: client resize client_id=2 cols=88 rows=39 cell_width_px=0 cell_height_px=0
2026-08-20T22:40:25.018375Z  INFO herdr::server::headless: client resize client_id=2 cols=183 rows=39 cell_width_px=0 cell_height_px=0
2026-08-20T22:40:32.315574Z  INFO herdr::logging: tab focused event="tab.focus" subsystem="tab" outcome="ok" workspace_id="w1" tab_id="w1:t8"
2026-08-20T22:40:37.317202Z  INFO herdr::logging: session saved event="persist.save" subsystem="persist" outcome="ok" path=/home/mateusdalligna/.config/herdr/session.json workspaces=1
2026-08-20T22:53:56.806420Z  INFO herdr::logging: tab focused event="tab.focus" subsystem="tab" outcome="ok" workspace_id="w1" tab_id="w1:t8"
2026-08-20T22:54:01.808539Z  INFO herdr::logging: session saved event="persist.save" subsystem="persist" outcome="ok" path=/home/mateusdalligna/.config/herdr/session.json workspaces=1
2026-08-20T22:55:22.703839Z  INFO herdr::logging: tab focused event="tab.focus" subsystem="tab" outcome="ok" workspace_id="w1" tab_id="w1:t8"
2026-08-20T22:55:27.019805Z  INFO herdr::logging: tab focused event="tab.focus" subsystem="tab" outcome="ok" workspace_id="w1" tab_id="w1:t8"
2026-08-20T22:55:32.022557Z  INFO herdr::logging: session saved event="persist.save" subsystem="persist" outcome="ok" path=/home/mateusdalligna/.config/herdr/session.json workspaces=1
2026-08-20T22:56:33.467226Z  INFO herdr::logging: tab focused event="tab.focus" subsystem="tab" outcome="ok" workspace_id="w1" tab_id="w1:t8"
2026-08-20T22:56:38.501013Z  INFO herdr::logging: session saved event="persist.save" subsystem="persist" outcome="ok" path=/home/mateusdalligna/.config/herdr/session.json workspaces=1
2026-08-20T22:59:38.357079Z  INFO herdr::logging: tab focused event="tab.focus" subsystem="tab" outcome="ok" workspace_id="w1" tab_id="w1:t8"
2026-08-20T22:59:42.285524Z  INFO herdr::logging: tab focused event="tab.focus" subsystem="tab" outcome="ok" workspace_id="w1" tab_id="w1:t8"
2026-08-20T22:59:47.320188Z  INFO herdr::logging: session saved event="persist.save" subsystem="persist" outcome="ok" path=/home/mateusdalligna/.config/herdr/session.json workspaces=1
2026-08-20T23:01:16.143194Z  INFO herdr::logging: tab focused event="tab.focus" subsystem="tab" outcome="ok" workspace_id="w1" tab_id="w1:t8"
2026-08-20T23:01:21.145645Z  INFO herdr::logging: session saved event="persist.save" subsystem="persist" outcome="ok" path=/home/mateusdalligna/.config/herdr/session.json workspaces=1
2026-08-20T23:01:22.895320Z  INFO herdr::logging: tab focused event="tab.focus" subsystem="tab" outcome="ok" workspace_id="w1" tab_id="w1:t8"
2026-08-20T23:01:27.898531Z  INFO herdr::logging: session saved event="persist.save" subsystem="persist" outcome="ok" path=/home/mateusdalligna/.config/herdr/session.json workspaces=1
2026-08-20T23:07:33.411529Z  INFO herdr::logging: checking for updates event="update.check.start" subsystem="update" outcome="started"
2026-08-20T23:09:07.516541Z  INFO herdr::logging: tab focused event="tab.focus" subsystem="tab" outcome="ok" workspace_id="w1" tab_id="w1:t8"
2026-08-20T23:09:12.552125Z  INFO herdr::logging: session saved event="persist.save" subsystem="persist" outcome="ok" path=/home/mateusdalligna/.config/herdr/session.json workspaces=1
2026-08-20T23:09:38.269147Z  INFO herdr::logging: tab focused event="tab.focus" subsystem="tab" outcome="ok" workspace_id="w1" tab_id="w1:t8"
2026-08-20T23:09:43.271764Z  INFO herdr::logging: session saved event="persist.save" subsystem="persist" outcome="ok" path=/home/mateusdalligna/.config/herdr/session.json workspaces=1
2026-08-20T23:09:43.805737Z  INFO herdr::logging: spawning pane terminal event="pane.spawn.start" subsystem="pane" outcome="started" pane_id=5 rows=38 cols=79 scrollback_limit_bytes=10000000
2026-08-20T23:09:43.807431Z  INFO herdr::logging: pane child spawned event="pane.spawned" subsystem="pane" outcome="ok" pane_id=5 pid=13691
2026-08-20T23:09:43.825597Z  INFO herdr::logging: tab focused event="tab.focus" subsystem="tab" outcome="ok" workspace_id="w1" tab_id="w1:t8"
2026-08-20T23:09:45.167486Z  INFO herdr::logging: pane child exited event="pane.exit" subsystem="pane" outcome="completed" pane_id=5 status="ExitStatus { code: 1, signal: None }"
2026-08-20T23:09:45.171446Z  INFO herdr::pane: pane session terminated pane=5 pid=13691 signal=Hangup
2026-08-20T23:09:45.171567Z  WARN herdr::app::actions: PaneDied for unknown pane pane=5
2026-08-20T23:09:45.861663Z  INFO herdr::logging: spawning pane terminal event="pane.spawn.start" subsystem="pane" outcome="started" pane_id=6 rows=38 cols=79 scrollback_limit_bytes=10000000
2026-08-20T23:09:45.862963Z  INFO herdr::logging: pane child spawned event="pane.spawned" subsystem="pane" outcome="ok" pane_id=6 pid=13777
2026-08-20T23:09:45.863124Z  INFO herdr::logging: tab focused event="tab.focus" subsystem="tab" outcome="ok" workspace_id="w1" tab_id="w1:t8"
2026-08-20T23:09:50.865053Z  INFO herdr::logging: session saved event="persist.save" subsystem="persist" outcome="ok" path=/home/mateusdalligna/.config/herdr/session.json workspaces=1
2026-08-20T23:10:17.504385Z  INFO herdr::logging: pane child exited event="pane.exit" subsystem="pane" outcome="completed" pane_id=6 status="ExitStatus { code: 1, signal: None }"
2026-08-20T23:10:17.528239Z  INFO herdr::pane: pane session terminated pane=6 pid=13777 signal=Hangup
2026-08-20T23:10:17.528417Z  WARN herdr::app::actions: PaneDied for unknown pane pane=6
2026-08-20T23:10:22.531175Z  INFO herdr::logging: session saved event="persist.save" subsystem="persist" outcome="ok" path=/home/mateusdalligna/.config/herdr/session.json workspaces=1
2026-08-20T23:15:05.745661Z  INFO herdr::server::headless: client detached client_id=2
2026-08-20T23:15:05.750444Z  INFO herdr::server::headless: client disconnected client_id=2
2026-08-25T21:46:48.870452Z  INFO herdr::api::server: api server listening path=/home/mateusdalligna/.config/herdr/herdr.sock
2026-08-25T21:46:48.872391Z  INFO herdr::logging: spawning pane terminal event="pane.spawn.start" subsystem="pane" outcome="started" pane_id=1 rows=24 cols=80 scrollback_limit_bytes=10000000
2026-08-25T21:46:48.873242Z  INFO herdr::logging: pane child spawned event="pane.spawned" subsystem="pane" outcome="ok" pane_id=1 pid=4470
2026-08-25T21:46:48.873980Z  INFO herdr::logging: spawning pane terminal event="pane.spawn.start" subsystem="pane" outcome="started" pane_id=2 rows=24 cols=80 scrollback_limit_bytes=10000000
2026-08-25T21:46:48.874828Z  INFO herdr::logging: pane child spawned event="pane.spawned" subsystem="pane" outcome="ok" pane_id=2 pid=4473
2026-08-25T21:46:48.875001Z  INFO herdr::logging: spawning pane terminal event="pane.spawn.start" subsystem="pane" outcome="started" pane_id=3 rows=24 cols=80 scrollback_limit_bytes=10000000
2026-08-25T21:46:48.875645Z  INFO herdr::logging: pane child spawned event="pane.spawned" subsystem="pane" outcome="ok" pane_id=3 pid=4476
2026-08-25T21:46:48.876541Z  INFO herdr::logging: session restore evaluated event="persist.restore" subsystem="persist" outcome="ok" workspaces=1
2026-08-25T21:46:48.876552Z  INFO herdr::app: using pane scrollback configuration pane_scrollback_limit_bytes=10000000
2026-08-25T21:46:48.969733Z  INFO herdr::logging: checking for updates event="update.check.start" subsystem="update" outcome="started"
2026-08-25T21:46:48.973035Z  INFO herdr::server::headless: restored session already has workspaces; ignoring startup cwd cwd=/home/mateusdalligna
2026-08-25T21:46:48.973253Z  INFO herdr::server::headless: client protocol socket listening path=/home/mateusdalligna/.config/herdr/herdr-client.sock
2026-08-25T21:46:48.973296Z  INFO herdr::server::headless: herdr server started api_socket=/home/mateusdalligna/.config/herdr/herdr.sock client_socket=/home/mateusdalligna/.config/herdr/herdr-client.sock
2026-08-25T21:46:48.973534Z  INFO herdr::logging: herdr starting event="app.startup" subsystem="server" outcome="started" pid=4452
2026-08-25T21:46:49.024130Z  INFO herdr::server::headless: client connected client_id=2 cols=183 rows=39 cell_width_px=0 cell_height_px=0 render_encoding=SemanticFrame
2026-08-25T21:46:50.826410Z  INFO herdr::logging: pane child exited event="pane.exit" subsystem="pane" outcome="completed" pane_id=3 status="ExitStatus { code: 1, signal: None }"
2026-08-25T21:46:50.830384Z  INFO herdr::pane: pane session terminated pane=3 pid=4476 signal=Hangup
2026-08-25T21:46:50.830530Z  WARN herdr::app::actions: PaneDied for unknown pane pane=3
2026-08-25T21:46:55.832058Z  INFO herdr::logging: session saved event="persist.save" subsystem="persist" outcome="ok" path=/home/mateusdalligna/.config/herdr/session.json workspaces=1
2026-08-25T22:08:15.619509Z  INFO herdr::api::server: api server listening path=/home/mateusdalligna/.config/herdr/herdr.sock
2026-08-25T22:08:15.621587Z  INFO herdr::logging: spawning pane terminal event="pane.spawn.start" subsystem="pane" outcome="started" pane_id=1 rows=24 cols=80 scrollback_limit_bytes=10000000
2026-08-25T22:08:15.622456Z  INFO herdr::logging: pane child spawned event="pane.spawned" subsystem="pane" outcome="ok" pane_id=1 pid=2223
2026-08-25T22:08:15.623193Z  INFO herdr::logging: spawning pane terminal event="pane.spawn.start" subsystem="pane" outcome="started" pane_id=2 rows=24 cols=80 scrollback_limit_bytes=10000000
2026-08-25T22:08:15.623969Z  INFO herdr::logging: pane child spawned event="pane.spawned" subsystem="pane" outcome="ok" pane_id=2 pid=2226
2026-08-25T22:08:15.624879Z  INFO herdr::logging: session restore evaluated event="persist.restore" subsystem="persist" outcome="ok" workspaces=1
2026-08-25T22:08:15.624892Z  INFO herdr::app: using pane scrollback configuration pane_scrollback_limit_bytes=10000000
2026-08-25T22:08:15.702012Z  INFO herdr::logging: checking for updates event="update.check.start" subsystem="update" outcome="started"
2026-08-25T22:08:15.703911Z  INFO herdr::server::headless: restored session already has workspaces; ignoring startup cwd cwd=/home/mateusdalligna
2026-08-25T22:08:15.704033Z  INFO herdr::server::headless: client protocol socket listening path=/home/mateusdalligna/.config/herdr/herdr-client.sock
2026-08-25T22:08:15.704052Z  INFO herdr::server::headless: herdr server started api_socket=/home/mateusdalligna/.config/herdr/herdr.sock client_socket=/home/mateusdalligna/.config/herdr/herdr-client.sock
2026-08-25T22:08:15.704236Z  INFO herdr::logging: herdr starting event="app.startup" subsystem="server" outcome="started" pid=2205
2026-08-25T22:08:15.721610Z  INFO herdr::server::headless: client connected client_id=2 cols=183 rows=39 cell_width_px=0 cell_height_px=0 render_encoding=SemanticFrame
2026-08-25T22:08:23.702777Z  INFO herdr::pane: agent changed pane=2 previous_agent=None agent=Some(OpenCode) process=opencode pgid=Some(2509)
2026-08-25T22:08:31.970087Z  INFO herdr::logging: tab focused event="tab.focus" subsystem="tab" outcome="ok" workspace_id="w1" tab_id="w1:t8"
2026-08-25T22:08:33.361751Z  INFO herdr::logging: tab focused event="tab.focus" subsystem="tab" outcome="ok" workspace_id="w1" tab_id="w1:t7"
2026-08-25T22:08:38.362922Z  INFO herdr::logging: session saved event="persist.save" subsystem="persist" outcome="ok" path=/home/mateusdalligna/.config/herdr/session.json workspaces=1
2026-08-25T22:08:39.360797Z  INFO herdr::logging: tab focused event="tab.focus" subsystem="tab" outcome="ok" workspace_id="w1" tab_id="w1:t8"
2026-08-25T22:08:42.007998Z  INFO herdr::logging: tab focused event="tab.focus" subsystem="tab" outcome="ok" workspace_id="w1" tab_id="w1:t7"
2026-08-25T22:08:45.231441Z  INFO herdr::logging: tab focused event="tab.focus" subsystem="tab" outcome="ok" workspace_id="w1" tab_id="w1:t8"
                                                                                                                                                                                                                                                                                                                                                                                2026-08-25T22:10:45.460056Z  INFO herdr::api::server: api server listening path=/home/mateusdalligna/.config/herdr/herdr.sock
2026-08-25T22:10:45.461957Z  INFO herdr::logging: spawning pane terminal event="pane.spawn.start" subsystem="pane" outcome="started" pane_id=1 rows=24 cols=80 scrollback_limit_bytes=10000000
2026-08-25T22:10:45.462840Z  INFO herdr::logging: pane child spawned event="pane.spawned" subsystem="pane" outcome="ok" pane_id=1 pid=2609
2026-08-25T22:10:45.463607Z  INFO herdr::logging: spawning pane terminal event="pane.spawn.start" subsystem="pane" outcome="started" pane_id=2 rows=24 cols=80 scrollback_limit_bytes=10000000
2026-08-25T22:10:45.464412Z  INFO herdr::logging: pane child spawned event="pane.spawned" subsystem="pane" outcome="ok" pane_id=2 pid=2612
2026-08-25T22:10:45.465328Z  INFO herdr::logging: session restore evaluated event="persist.restore" subsystem="persist" outcome="ok" workspaces=1
2026-08-25T22:10:45.465340Z  INFO herdr::app: using pane scrollback configuration pane_scrollback_limit_bytes=10000000
2026-08-25T22:10:45.544242Z  INFO herdr::logging: checking for updates event="update.check.start" subsystem="update" outcome="started"
2026-08-25T22:10:45.546024Z  INFO herdr::server::headless: restored session already has workspaces; ignoring startup cwd cwd=/home/mateusdalligna
2026-08-25T22:10:45.546103Z  INFO herdr::server::headless: client protocol socket listening path=/home/mateusdalligna/.config/herdr/herdr-client.sock
2026-08-25T22:10:45.546121Z  INFO herdr::server::headless: herdr server started api_socket=/home/mateusdalligna/.config/herdr/herdr.sock client_socket=/home/mateusdalligna/.config/herdr/herdr-client.sock
2026-08-25T22:10:45.546300Z  INFO herdr::logging: herdr starting event="app.startup" subsystem="server" outcome="started" pid=2591
2026-08-25T22:10:45.560685Z  INFO herdr::server::headless: client connected client_id=2 cols=88 rows=39 cell_width_px=0 cell_height_px=0 render_encoding=SemanticFrame
2026-08-25T22:18:33.361996Z  INFO herdr::server::headless: client connected client_id=4 cols=183 rows=39 cell_width_px=0 cell_height_px=0 render_encoding=SemanticFrame
2026-08-25T22:18:44.473731Z  INFO herdr::logging: tab focused event="tab.focus" subsystem="tab" outcome="ok" workspace_id="w1" tab_id="w1:t8"
2026-08-25T22:18:49.476018Z  INFO herdr::logging: session saved event="persist.save" subsystem="persist" outcome="ok" path=/home/mateusdalligna/.config/herdr/session.json workspaces=1
2026-08-25T22:18:54.030687Z  INFO herdr::logging: spawning pane terminal event="pane.spawn.start" subsystem="pane" outcome="started" pane_id=3 rows=38 cols=157 scrollback_limit_bytes=10000000
2026-08-25T22:18:54.032193Z  INFO herdr::logging: pane child spawned event="pane.spawned" subsystem="pane" outcome="ok" pane_id=3 pid=3976
2026-08-25T22:18:54.032376Z  INFO herdr::logging: tab focused event="tab.focus" subsystem="tab" outcome="ok" workspace_id="w1" tab_id="w1:t9"
2026-08-25T22:18:56.593881Z  INFO herdr::pane: agent changed pane=3 previous_agent=None agent=Some(OpenCode) process=opencode pgid=Some(4071)
2026-08-25T22:18:59.034448Z  INFO herdr::logging: session saved event="persist.save" subsystem="persist" outcome="ok" path=/home/mateusdalligna/.config/herdr/session.json workspaces=1
2026-08-25T22:19:16.007403Z  INFO herdr::pane: agent changed pane=3 previous_agent=Some(OpenCode) agent=None pgid=Some(3976)
2026-08-25T22:20:21.276127Z  INFO herdr::server::headless: client resize client_id=2 cols=80 rows=24 cell_width_px=0 cell_height_px=0
2026-08-25T22:20:21.277229Z  INFO herdr::server::headless: client detached client_id=2
2026-08-25T22:20:21.278347Z  INFO herdr::server::headless: client disconnected client_id=2
2026-08-25T22:20:48.759586Z  INFO herdr::logging: spawning pane terminal event="pane.spawn.start" subsystem="pane" outcome="started" pane_id=4 rows=38 cols=157 scrollback_limit_bytes=10000000
2026-08-25T22:20:48.761313Z  INFO herdr::logging: pane child spawned event="pane.spawned" subsystem="pane" outcome="ok" pane_id=4 pid=4802
2026-08-25T22:20:48.761531Z  INFO herdr::logging: tab focused event="tab.focus" subsystem="tab" outcome="ok" workspace_id="w1" tab_id="w1:t9"
2026-08-25T22:20:53.772994Z  INFO herdr::logging: session saved event="persist.save" subsystem="persist" outcome="ok" path=/home/mateusdalligna/.config/herdr/session.json workspaces=1
2026-08-25T22:21:52.151818Z  INFO herdr::logging: pane child exited event="pane.exit" subsystem="pane" outcome="completed" pane_id=4 status="ExitStatus { code: 1, signal: None }"
2026-08-25T22:21:52.175388Z  INFO herdr::pane: pane session terminated pane=4 pid=4802 signal=Hangup
2026-08-25T22:21:52.175605Z  WARN herdr::app::actions: PaneDied for unknown pane pane=4
2026-08-25T22:21:57.177441Z  INFO herdr::logging: session saved event="persist.save" subsystem="persist" outcome="ok" path=/home/mateusdalligna/.config/herdr/session.json workspaces=1
2026-08-25T22:23:47.100877Z  INFO herdr::server::headless: client resize client_id=4 cols=88 rows=39 cell_width_px=0 cell_height_px=0
2026-08-25T22:23:51.407514Z  INFO herdr::server::headless: client resize client_id=4 cols=183 rows=39 cell_width_px=0 cell_height_px=0
2026-08-25T22:25:20.891603Z  INFO herdr::pane: agent changed pane=3 previous_agent=None agent=Some(OpenCode) process=opencode pgid=Some(6223)
2026-08-25T22:27:41.867022Z  INFO herdr::logging: tab focused event="tab.focus" subsystem="tab" outcome="ok" workspace_id="w1" tab_id="w1:t8"
2026-08-25T22:27:46.903436Z  INFO herdr::logging: session saved event="persist.save" subsystem="persist" outcome="ok" path=/home/mateusdalligna/.config/herdr/session.json workspaces=1
2026-08-25T22:28:12.611185Z  INFO herdr::logging: tab focused event="tab.focus" subsystem="tab" outcome="ok" workspace_id="w1" tab_id="w1:t9"
2026-08-25T22:28:17.646445Z  INFO herdr::logging: session saved event="persist.save" subsystem="persist" outcome="ok" path=/home/mateusdalligna/.config/herdr/session.json workspaces=1
2026-08-25T22:28:48.912840Z  INFO herdr::logging: tab focused event="tab.focus" subsystem="tab" outcome="ok" workspace_id="w1" tab_id="w1:t8"
2026-08-25T22:28:53.948658Z  INFO herdr::logging: session saved event="persist.save" subsystem="persist" outcome="ok" path=/home/mateusdalligna/.config/herdr/session.json workspaces=1
2026-08-25T22:29:23.846900Z  INFO herdr::logging: tab focused event="tab.focus" subsystem="tab" outcome="ok" workspace_id="w1" tab_id="w1:t9"
2026-08-25T22:29:28.848446Z  INFO herdr::logging: session saved event="persist.save" subsystem="persist" outcome="ok" path=/home/mateusdalligna/.config/herdr/session.json workspaces=1
2026-08-25T22:29:38.403291Z  INFO herdr::logging: tab focused event="tab.focus" subsystem="tab" outcome="ok" workspace_id="w1" tab_id="w1:t9"
2026-08-25T22:29:40.873930Z  INFO herdr::logging: tab focused event="tab.focus" subsystem="tab" outcome="ok" workspace_id="w1" tab_id="w1:t9"
2026-08-25T22:29:41.714178Z  INFO herdr::logging: tab focused event="tab.focus" subsystem="tab" outcome="ok" workspace_id="w1" tab_id="w1:t8"
2026-08-25T22:29:46.716157Z  INFO herdr::logging: session saved event="persist.save" subsystem="persist" outcome="ok" path=/home/mateusdalligna/.config/herdr/session.json workspaces=1
2026-08-25T22:29:59.509384Z  INFO herdr::logging: tab focused event="tab.focus" subsystem="tab" outcome="ok" workspace_id="w1" tab_id="w1:t9"
2026-08-25T22:30:01.492747Z  INFO herdr::logging: spawning pane terminal event="pane.spawn.start" subsystem="pane" outcome="started" pane_id=5 rows=38 cols=157 scrollback_limit_bytes=10000000
2026-08-25T22:30:01.494131Z  INFO herdr::logging: pane child spawned event="pane.spawned" subsystem="pane" outcome="ok" pane_id=5 pid=9438
2026-08-25T22:30:01.494311Z  INFO herdr::logging: tab focused event="tab.focus" subsystem="tab" outcome="ok" workspace_id="w1" tab_id="w1:t9"
2026-08-25T22:30:06.497312Z  INFO herdr::logging: session saved event="persist.save" subsystem="persist" outcome="ok" path=/home/mateusdalligna/.config/herdr/session.json workspaces=1
2026-08-25T22:33:07.256443Z  INFO herdr::logging: tab focused event="tab.focus" subsystem="tab" outcome="ok" workspace_id="w1" tab_id="w1:t7"
2026-08-25T22:33:12.258504Z  INFO herdr::logging: session saved event="persist.save" subsystem="persist" outcome="ok" path=/home/mateusdalligna/.config/herdr/session.json workspaces=1
2026-08-25T22:39:08.027347Z  INFO herdr::logging: tab focused event="tab.focus" subsystem="tab" outcome="ok" workspace_id="w1" tab_id="w1:t8"
2026-08-25T22:39:09.443187Z  INFO herdr::logging: tab focused event="tab.focus" subsystem="tab" outcome="ok" workspace_id="w1" tab_id="w1:t9"
2026-08-25T22:39:14.445579Z  INFO herdr::logging: session saved event="persist.save" subsystem="persist" outcome="ok" path=/home/mateusdalligna/.config/herdr/session.json workspaces=1
2026-08-25T22:40:45.545659Z  INFO herdr::logging: checking for updates event="update.check.start" subsystem="update" outcome="started"
2026-08-25T23:03:03.428001Z  INFO herdr::logging: pane child exited event="pane.exit" subsystem="pane" outcome="completed" pane_id=5 status="ExitStatus { code: 1, signal: None }"
2026-08-25T23:03:03.454768Z  INFO herdr::pane: pane session terminated pane=5 pid=9438 signal=Hangup
2026-08-25T23:03:03.455019Z  WARN herdr::app::actions: PaneDied for unknown pane pane=5
2026-08-25T23:03:08.456896Z  INFO herdr::logging: session saved event="persist.save" subsystem="persist" outcome="ok" path=/home/mateusdalligna/.config/herdr/session.json workspaces=1
2026-08-25T23:06:27.600591Z  INFO herdr::logging: tab focused event="tab.focus" subsystem="tab" outcome="ok" workspace_id="w1" tab_id="w1:t8"
2026-08-25T23:06:32.603552Z  INFO herdr::logging: session saved event="persist.save" subsystem="persist" outcome="ok" path=/home/mateusdalligna/.config/herdr/session.json workspaces=1
2026-08-25T23:10:45.547173Z  INFO herdr::logging: checking for updates event="update.check.start" subsystem="update" outcome="started"
2026-08-25T23:15:02.872351Z  INFO herdr::logging: spawning pane terminal event="pane.spawn.start" subsystem="pane" outcome="started" pane_id=6 rows=38 cols=179 scrollback_limit_bytes=10000000
2026-08-25T23:15:02.873756Z  INFO herdr::logging: pane child spawned event="pane.spawned" subsystem="pane" outcome="ok" pane_id=6 pid=18934
2026-08-25T23:15:02.873929Z  INFO herdr::logging: tab focused event="tab.focus" subsystem="tab" outcome="ok" workspace_id="w1" tab_id="w1:t8"
2026-08-25T23:15:07.876155Z  INFO herdr::logging: session saved event="persist.save" subsystem="persist" outcome="ok" path=/home/mateusdalligna/.config/herdr/session.json workspaces=1
2026-08-25T23:15:09.630237Z  INFO herdr::logging: tab focused event="tab.focus" subsystem="tab" outcome="ok" workspace_id="w1" tab_id="w1:t8"
2026-08-25T23:15:11.374160Z  INFO herdr::logging: tab focused event="tab.focus" subsystem="tab" outcome="ok" workspace_id="w1" tab_id="w1:t8"
2026-08-25T23:15:13.220946Z  INFO herdr::logging: tab focused event="tab.focus" subsystem="tab" outcome="ok" workspace_id="w1" tab_id="w1:t8"
2026-08-25T23:15:18.223882Z  INFO herdr::logging: session saved event="persist.save" subsystem="persist" outcome="ok" path=/home/mateusdalligna/.config/herdr/session.json workspaces=1
2026-08-25T23:15:57.080979Z  INFO herdr::logging: tab focused event="tab.focus" subsystem="tab" outcome="ok" workspace_id="w1" tab_id="w1:t8"
2026-08-25T23:16:02.117602Z  INFO herdr::logging: session saved event="persist.save" subsystem="persist" outcome="ok" path=/home/mateusdalligna/.config/herdr/session.json workspaces=1
2026-08-25T23:33:16.952822Z  INFO herdr::logging: tab focused event="tab.focus" subsystem="tab" outcome="ok" workspace_id="w1" tab_id="w1:t8"
2026-08-25T23:33:21.956155Z  INFO herdr::logging: session saved event="persist.save" subsystem="persist" outcome="ok" path=/home/mateusdalligna/.config/herdr/session.json workspaces=1
2026-08-25T23:35:02.284475Z  INFO herdr::logging: tab focused event="tab.focus" subsystem="tab" outcome="ok" workspace_id="w1" tab_id="w1:t8"
2026-08-25T23:35:07.287155Z  INFO herdr::logging: session saved event="persist.save" subsystem="persist" outcome="ok" path=/home/mateusdalligna/.config/herdr/session.json workspaces=1
2026-08-25T23:35:31.707292Z  INFO herdr::logging: tab focused event="tab.focus" subsystem="tab" outcome="ok" workspace_id="w1" tab_id="w1:t8"
2026-08-25T23:35:32.715049Z  INFO herdr::logging: tab focused event="tab.focus" subsystem="tab" outcome="ok" workspace_id="w1" tab_id="w1:t8"
2026-08-25T23:35:37.717044Z  INFO herdr::logging: session saved event="persist.save" subsystem="persist" outcome="ok" path=/home/mateusdalligna/.config/herdr/session.json workspaces=1
2026-08-25T23:37:05.034774Z  INFO herdr::server::headless: client resize client_id=4 cols=80 rows=24 cell_width_px=0 cell_height_px=0
2026-08-25T23:37:05.047622Z  INFO herdr::server::headless: client detached client_id=4
2026-08-25T23:37:05.055437Z  INFO herdr::server::headless: client disconnected client_id=4
2026-08-26T18:49:39.983111Z  INFO herdr::api::server: api server listening path=/home/mateusdalligna/.config/herdr/herdr.sock
2026-08-26T18:49:39.985208Z  INFO herdr::logging: spawning pane terminal event="pane.spawn.start" subsystem="pane" outcome="started" pane_id=1 rows=24 cols=80 scrollback_limit_bytes=10000000
2026-08-26T18:49:39.986070Z  INFO herdr::logging: pane child spawned event="pane.spawned" subsystem="pane" outcome="ok" pane_id=1 pid=90336
2026-08-26T18:49:39.986313Z  INFO herdr::logging: spawning pane terminal event="pane.spawn.start" subsystem="pane" outcome="started" pane_id=2 rows=24 cols=80 scrollback_limit_bytes=10000000
2026-08-26T18:49:39.987088Z  INFO herdr::logging: pane child spawned event="pane.spawned" subsystem="pane" outcome="ok" pane_id=2 pid=90339
2026-08-26T18:49:39.987297Z  INFO herdr::logging: spawning pane terminal event="pane.spawn.start" subsystem="pane" outcome="started" pane_id=3 rows=24 cols=80 scrollback_limit_bytes=10000000
2026-08-26T18:49:39.988065Z  INFO herdr::logging: pane child spawned event="pane.spawned" subsystem="pane" outcome="ok" pane_id=3 pid=90342
2026-08-26T18:49:39.988278Z  INFO herdr::logging: spawning pane terminal event="pane.spawn.start" subsystem="pane" outcome="started" pane_id=4 rows=24 cols=80 scrollback_limit_bytes=10000000
2026-08-26T18:49:39.989081Z  INFO herdr::logging: pane child spawned event="pane.spawned" subsystem="pane" outcome="ok" pane_id=4 pid=90346
2026-08-26T18:49:39.990104Z  INFO herdr::logging: session restore evaluated event="persist.restore" subsystem="persist" outcome="ok" workspaces=1
2026-08-26T18:49:39.990117Z  INFO herdr::app: using pane scrollback configuration pane_scrollback_limit_bytes=10000000
2026-08-26T18:49:40.068564Z  INFO herdr::logging: checking for updates event="update.check.start" subsystem="update" outcome="started"
2026-08-26T18:49:40.070206Z  INFO herdr::server::headless: restored session already has workspaces; ignoring startup cwd cwd=/home/mateusdalligna/Documentos/Workspace/Seguranca/multiple-password
2026-08-26T18:49:40.070321Z  INFO herdr::server::headless: client protocol socket listening path=/home/mateusdalligna/.config/herdr/herdr-client.sock
2026-08-26T18:49:40.070350Z  INFO herdr::server::headless: herdr server started api_socket=/home/mateusdalligna/.config/herdr/herdr.sock client_socket=/home/mateusdalligna/.config/herdr/herdr-client.sock
2026-08-26T18:49:40.070611Z  INFO herdr::logging: herdr starting event="app.startup" subsystem="server" outcome="started" pid=90318
2026-08-26T18:49:40.090320Z  INFO herdr::server::headless: client connected client_id=2 cols=88 rows=18 cell_width_px=0 cell_height_px=0 render_encoding=SemanticFrame
2026-08-26T18:49:43.647911Z  INFO herdr::logging: pane child exited event="pane.exit" subsystem="pane" outcome="completed" pane_id=3 status="ExitStatus { code: 1, signal: None }"
2026-08-26T18:49:43.652284Z  INFO herdr::pane: pane session terminated pane=3 pid=90342 signal=Hangup
2026-08-26T18:49:43.652437Z  WARN herdr::app::actions: PaneDied for unknown pane pane=3
2026-08-26T18:49:48.653799Z  INFO herdr::logging: session saved event="persist.save" subsystem="persist" outcome="ok" path=/home/mateusdalligna/.config/herdr/session.json workspaces=1
2026-08-26T18:49:50.909624Z  INFO herdr::server::headless: client resize client_id=2 cols=100 rows=18 cell_width_px=0 cell_height_px=0
2026-08-26T18:49:51.109724Z  INFO herdr::server::headless: client resize client_id=2 cols=99 rows=18 cell_width_px=0 cell_height_px=0
2026-08-26T18:49:51.910385Z  INFO herdr::server::headless: client resize client_id=2 cols=100 rows=21 cell_width_px=0 cell_height_px=0
2026-08-26T18:49:58.018770Z  INFO herdr::server::headless: client resize client_id=2 cols=116 rows=22 cell_width_px=0 cell_height_px=0
2026-08-26T18:49:58.819369Z  INFO herdr::server::headless: client resize client_id=2 cols=116 rows=26 cell_width_px=0 cell_height_px=0
2026-08-26T18:50:04.929576Z  INFO herdr::server::headless: client resize client_id=2 cols=77 rows=20 cell_width_px=0 cell_height_px=0
2026-08-26T18:53:29.844576Z  INFO herdr::logging: tab focused event="tab.focus" subsystem="tab" outcome="ok" workspace_id="w1" tab_id="w1:t9"
2026-08-26T18:53:34.847414Z  INFO herdr::logging: session saved event="persist.save" subsystem="persist" outcome="ok" path=/home/mateusdalligna/.config/herdr/session.json workspaces=1
2026-08-26T18:54:07.117382Z  INFO herdr::logging: tab focused event="tab.focus" subsystem="tab" outcome="ok" workspace_id="w1" tab_id="w1:t8"
2026-08-26T18:54:12.119352Z  INFO herdr::logging: session saved event="persist.save" subsystem="persist" outcome="ok" path=/home/mateusdalligna/.config/herdr/session.json workspaces=1
2026-08-26T18:57:43.864326Z  INFO herdr::server::headless: client resize client_id=2 cols=185 rows=42 cell_width_px=0 cell_height_px=0
2026-08-26T18:58:32.972893Z  INFO herdr::app::actions: copied selection to clipboard
2026-08-26T19:01:59.550481Z  INFO herdr::server::headless: client resize client_id=2 cols=77 rows=20 cell_width_px=0 cell_height_px=0
2026-08-26T19:02:17.677134Z  INFO herdr::app::actions: copied selection to clipboard
2026-08-26T19:04:33.175546Z  INFO herdr::server::headless: client resize client_id=2 cols=185 rows=42 cell_width_px=0 cell_height_px=0
2026-08-26T19:04:44.349654Z  INFO herdr::app::actions: copied selection to clipboard
2026-08-26T19:05:41.989883Z  INFO herdr::app::actions: copied selection to clipboard
2026-08-26T19:06:32.325911Z  INFO herdr::app::actions: copied selection to clipboard
2026-08-26T19:07:13.494934Z  INFO herdr::logging: spawning pane terminal event="pane.spawn.start" subsystem="pane" outcome="started" pane_id=5 rows=41 cols=181 scrollback_limit_bytes=10000000
2026-08-26T19:07:13.498103Z  INFO herdr::logging: pane child spawned event="pane.spawned" subsystem="pane" outcome="ok" pane_id=5 pid=98571
2026-08-26T19:07:13.498284Z  INFO herdr::logging: tab focused event="tab.focus" subsystem="tab" outcome="ok" workspace_id="w1" tab_id="w1:t8"
2026-08-26T19:07:18.208588Z  INFO herdr::server::headless: client resize client_id=2 cols=77 rows=20 cell_width_px=0 cell_height_px=0
2026-08-26T19:07:18.501822Z  INFO herdr::logging: session saved event="persist.save" subsystem="persist" outcome="ok" path=/home/mateusdalligna/.config/herdr/session.json workspaces=1
2026-08-26T19:07:32.940496Z  INFO herdr::server::headless: client resize client_id=2 cols=185 rows=42 cell_width_px=0 cell_height_px=0
2026-08-26T19:07:35.244212Z  INFO herdr::server::headless: client resize client_id=2 cols=77 rows=20 cell_width_px=0 cell_height_px=0
2026-08-26T19:07:44.653573Z  INFO herdr::server::headless: client resize client_id=2 cols=185 rows=42 cell_width_px=0 cell_height_px=0
2026-08-26T19:07:45.838619Z  INFO herdr::logging: tab focused event="tab.focus" subsystem="tab" outcome="ok" workspace_id="w1" tab_id="w1:t8"
2026-08-26T19:07:50.841407Z  INFO herdr::logging: session saved event="persist.save" subsystem="persist" outcome="ok" path=/home/mateusdalligna/.config/herdr/session.json workspaces=1
2026-08-26T19:08:01.247193Z  INFO herdr::app::actions: copied selection to clipboard
2026-08-26T19:08:26.439217Z  INFO herdr::app::actions: copied selection to clipboard
2026-08-26T19:09:51.623615Z  INFO herdr::logging: tab focused event="tab.focus" subsystem="tab" outcome="ok" workspace_id="w1" tab_id="w1:t8"
2026-08-26T19:09:55.859430Z  INFO herdr::server::headless: client resize client_id=2 cols=34 rows=20 cell_width_px=0 cell_height_px=0
2026-08-26T19:09:56.625732Z  INFO herdr::logging: session saved event="persist.save" subsystem="persist" outcome="ok" path=/home/mateusdalligna/.config/herdr/session.json workspaces=1
2026-08-26T19:10:28.222460Z  INFO herdr::server::headless: client resize client_id=2 cols=77 rows=20 cell_width_px=0 cell_height_px=0
2026-08-26T19:10:35.232567Z  INFO herdr::server::headless: client resize client_id=2 cols=185 rows=42 cell_width_px=0 cell_height_px=0
2026-08-26T19:10:37.290142Z  INFO herdr::logging: pane child exited event="pane.exit" subsystem="pane" outcome="completed" pane_id=5 status="ExitStatus { code: 1, signal: None }"
2026-08-26T19:10:37.315760Z  INFO herdr::pane: pane session terminated pane=5 pid=98571 signal=Hangup
2026-08-26T19:10:37.316113Z  WARN herdr::app::actions: PaneDied for unknown pane pane=5
2026-08-26T19:10:41.753790Z  INFO herdr::logging: pane child exited event="pane.exit" subsystem="pane" outcome="completed" pane_id=2 status="ExitStatus { code: 1, signal: None }"
2026-08-26T19:10:41.758052Z  INFO herdr::pane: pane session terminated pane=2 pid=90339 signal=Hangup
2026-08-26T19:10:41.758314Z  WARN herdr::app::actions: PaneDied for unknown pane pane=2
2026-08-26T19:10:45.455728Z  INFO herdr::logging: tab focused event="tab.focus" subsystem="tab" outcome="ok" workspace_id="w1" tab_id="w1:t9"
2026-08-26T19:10:50.458358Z  INFO herdr::logging: session saved event="persist.save" subsystem="persist" outcome="ok" path=/home/mateusdalligna/.config/herdr/session.json workspaces=1
2026-08-26T19:15:04.156659Z  INFO herdr::server::headless: client resize client_id=2 cols=77 rows=20 cell_width_px=0 cell_height_px=0
2026-08-26T19:15:10.169090Z  INFO herdr::server::headless: client resize client_id=2 cols=183 rows=20 cell_width_px=0 cell_height_px=0
2026-08-26T19:15:19.490199Z  INFO herdr::server::headless: client resize client_id=2 cols=183 rows=39 cell_width_px=0 cell_height_px=0
2026-08-26T19:19:40.069861Z  INFO herdr::logging: checking for updates event="update.check.start" subsystem="update" outcome="started"
2026-08-26T19:49:40.070251Z  INFO herdr::logging: checking for updates event="update.check.start" subsystem="update" outcome="started"
2026-08-26T19:53:03.635200Z  INFO herdr::server::headless: client resize client_id=2 cols=183 rows=41 cell_width_px=0 cell_height_px=0
2026-08-26T19:53:03.736586Z  INFO herdr::server::headless: client resize client_id=2 cols=183 rows=39 cell_width_px=0 cell_height_px=0
2026-08-26T19:53:42.470765Z  INFO herdr::server::headless: client resize client_id=2 cols=183 rows=41 cell_width_px=0 cell_height_px=0
2026-08-26T19:53:42.670989Z  INFO herdr::server::headless: client resize client_id=2 cols=183 rows=39 cell_width_px=0 cell_height_px=0
2026-08-26T20:01:22.033462Z  INFO herdr::logging: tab focused event="tab.focus" subsystem="tab" outcome="ok" workspace_id="w1" tab_id="w1:t7"
2026-08-26T20:01:27.035730Z  INFO herdr::logging: session saved event="persist.save" subsystem="persist" outcome="ok" path=/home/mateusdalligna/.config/herdr/session.json workspaces=1
2026-08-26T20:01:34.436804Z  INFO herdr::pane: agent changed pane=1 previous_agent=None agent=Some(OpenCode) process=opencode pgid=Some(106101)
2026-08-26T20:02:49.970166Z  INFO herdr::logging: tab focused event="tab.focus" subsystem="tab" outcome="ok" workspace_id="w1" tab_id="w1:t9"
2026-08-26T20:02:54.971333Z  INFO herdr::logging: session saved event="persist.save" subsystem="persist" outcome="ok" path=/home/mateusdalligna/.config/herdr/session.json workspaces=1
2026-08-26T20:07:32.986746Z  INFO herdr::logging: tab focused event="tab.focus" subsystem="tab" outcome="ok" workspace_id="w1" tab_id="w1:t7"
2026-08-26T20:07:37.989451Z  INFO herdr::logging: session saved event="persist.save" subsystem="persist" outcome="ok" path=/home/mateusdalligna/.config/herdr/session.json workspaces=1
2026-08-26T20:19:40.071163Z  INFO herdr::logging: checking for updates event="update.check.start" subsystem="update" outcome="started"
2026-08-26T20:43:44.216259Z  INFO herdr::server::headless: client connected client_id=4 cols=88 rows=39 cell_width_px=0 cell_height_px=0 render_encoding=SemanticFrame
2026-08-26T20:43:46.209238Z  INFO herdr::logging: tab focused event="tab.focus" subsystem="tab" outcome="ok" workspace_id="w1" tab_id="w1:t9"
2026-08-26T20:43:51.210771Z  INFO herdr::logging: session saved event="persist.save" subsystem="persist" outcome="ok" path=/home/mateusdalligna/.config/herdr/session.json workspaces=1
2026-08-26T20:44:06.385291Z  INFO herdr::logging: spawning pane terminal event="pane.spawn.start" subsystem="pane" outcome="started" pane_id=6 rows=38 cols=84 scrollback_limit_bytes=10000000
2026-08-26T20:44:06.386739Z  INFO herdr::logging: pane child spawned event="pane.spawned" subsystem="pane" outcome="ok" pane_id=6 pid=110328
2026-08-26T20:44:06.386908Z  INFO herdr::logging: tab focused event="tab.focus" subsystem="tab" outcome="ok" workspace_id="w1" tab_id="w1:t9"
2026-08-26T20:44:07.739155Z  INFO herdr::logging: pane child exited event="pane.exit" subsystem="pane" outcome="completed" pane_id=6 status="ExitStatus { code: 1, signal: None }"
2026-08-26T20:44:07.744285Z  INFO herdr::pane: pane session terminated pane=6 pid=110328 signal=Hangup
2026-08-26T20:44:07.744439Z  WARN herdr::app::actions: PaneDied for unknown pane pane=6
2026-08-26T20:44:08.569347Z  INFO herdr::logging: spawning pane terminal event="pane.spawn.start" subsystem="pane" outcome="started" pane_id=7 rows=38 cols=84 scrollback_limit_bytes=10000000
2026-08-26T20:44:08.571104Z  INFO herdr::logging: pane child spawned event="pane.spawned" subsystem="pane" outcome="ok" pane_id=7 pid=110415
2026-08-26T20:44:08.571261Z  INFO herdr::logging: tab focused event="tab.focus" subsystem="tab" outcome="ok" workspace_id="w1" tab_id="w1:t9"
2026-08-26T20:44:11.105221Z  INFO herdr::logging: tab focused event="tab.focus" subsystem="tab" outcome="ok" workspace_id="w1" tab_id="w1:t9"
2026-08-26T20:44:13.561276Z  INFO herdr::logging: tab focused event="tab.focus" subsystem="tab" outcome="ok" workspace_id="w1" tab_id="w1:t9"
2026-08-26T20:44:18.598809Z  INFO herdr::logging: session saved event="persist.save" subsystem="persist" outcome="ok" path=/home/mateusdalligna/.config/herdr/session.json workspaces=1
2026-08-26T20:46:23.777252Z  INFO herdr::logging: tab focused event="tab.focus" subsystem="tab" outcome="ok" workspace_id="w1" tab_id="w1:t9"
2026-08-26T20:46:28.779416Z  INFO herdr::logging: session saved event="persist.save" subsystem="persist" outcome="ok" path=/home/mateusdalligna/.config/herdr/session.json workspaces=1
2026-08-26T20:49:40.072288Z  INFO herdr::logging: checking for updates event="update.check.start" subsystem="update" outcome="started"
2026-08-26T20:52:05.602722Z  INFO herdr::logging: tab focused event="tab.focus" subsystem="tab" outcome="ok" workspace_id="w1" tab_id="w1:t7"
2026-08-26T20:52:10.641018Z  INFO herdr::logging: session saved event="persist.save" subsystem="persist" outcome="ok" path=/home/mateusdalligna/.config/herdr/session.json workspaces=1
2026-08-26T20:55:56.155234Z  INFO herdr::logging: tab focused event="tab.focus" subsystem="tab" outcome="ok" workspace_id="w1" tab_id="w1:t7"
2026-08-26T20:55:57.067270Z  INFO herdr::logging: tab focused event="tab.focus" subsystem="tab" outcome="ok" workspace_id="w1" tab_id="w1:t9"
2026-08-26T20:56:02.068490Z  INFO herdr::logging: session saved event="persist.save" subsystem="persist" outcome="ok" path=/home/mateusdalligna/.config/herdr/session.json workspaces=1
2026-08-26T20:58:49.828066Z  INFO herdr::logging: tab focused event="tab.focus" subsystem="tab" outcome="ok" workspace_id="w1" tab_id="w1:t9"
2026-08-26T20:58:54.829996Z  INFO herdr::logging: session saved event="persist.save" subsystem="persist" outcome="ok" path=/home/mateusdalligna/.config/herdr/session.json workspaces=1
2026-08-26T21:01:04.013014Z  INFO herdr::app::actions: copied selection to clipboard
2026-08-26T21:01:08.308509Z  INFO herdr::app::actions: copied selection to clipboard
2026-08-26T21:01:09.972516Z  INFO herdr::logging: tab focused event="tab.focus" subsystem="tab" outcome="ok" workspace_id="w1" tab_id="w1:t7"
2026-08-26T21:01:14.973979Z  INFO herdr::logging: session saved event="persist.save" subsystem="persist" outcome="ok" path=/home/mateusdalligna/.config/herdr/session.json workspaces=1
2026-08-26T21:05:22.610480Z  INFO herdr::server::headless: client resize client_id=4 cols=80 rows=24 cell_width_px=0 cell_height_px=0
2026-08-26T21:05:22.612678Z  INFO herdr::server::headless: client detached client_id=4
2026-08-26T21:05:22.614725Z  INFO herdr::server::headless: client disconnected client_id=4
2026-08-26T21:05:26.007878Z  INFO herdr::server::headless: client detached client_id=2
2026-08-26T21:05:26.009426Z  INFO herdr::server::headless: client disconnected client_id=2
2026-08-31T21:51:48.640195Z  INFO herdr::api::server: api server listening path=/home/mateusdalligna/.config/herdr/herdr.sock
2026-08-31T21:51:48.645176Z  INFO herdr::logging: spawning pane terminal event="pane.spawn.start" subsystem="pane" outcome="started" pane_id=1 rows=24 cols=80 scrollback_limit_bytes=10000000
2026-08-31T21:51:48.648529Z  INFO herdr::logging: pane child spawned event="pane.spawned" subsystem="pane" outcome="ok" pane_id=1 pid=6958
2026-08-31T21:51:48.649745Z  INFO herdr::logging: spawning pane terminal event="pane.spawn.start" subsystem="pane" outcome="started" pane_id=2 rows=24 cols=80 scrollback_limit_bytes=10000000
2026-08-31T21:51:48.654026Z  INFO herdr::logging: pane child spawned event="pane.spawned" subsystem="pane" outcome="ok" pane_id=2 pid=6961
2026-08-31T21:51:48.655471Z  INFO herdr::logging: spawning pane terminal event="pane.spawn.start" subsystem="pane" outcome="started" pane_id=3 rows=24 cols=80 scrollback_limit_bytes=10000000
2026-08-31T21:51:48.658959Z  INFO herdr::logging: pane child spawned event="pane.spawned" subsystem="pane" outcome="ok" pane_id=3 pid=6964
2026-08-31T21:51:48.660293Z  INFO herdr::logging: session restore evaluated event="persist.restore" subsystem="persist" outcome="ok" workspaces=1
2026-08-31T21:51:48.660378Z  INFO herdr::app: using pane scrollback configuration pane_scrollback_limit_bytes=10000000
2026-08-31T21:51:48.923801Z  INFO herdr::logging: checking for updates event="update.check.start" subsystem="update" outcome="started"
2026-08-31T21:51:48.929925Z  INFO herdr::server::headless: restored session already has workspaces; ignoring startup cwd cwd=/home/mateusdalligna
2026-08-31T21:51:48.930119Z  INFO herdr::server::headless: client protocol socket listening path=/home/mateusdalligna/.config/herdr/herdr-client.sock
2026-08-31T21:51:48.930183Z  INFO herdr::server::headless: herdr server started api_socket=/home/mateusdalligna/.config/herdr/herdr.sock client_socket=/home/mateusdalligna/.config/herdr/herdr-client.sock
2026-08-31T21:51:48.931290Z  INFO herdr::logging: herdr starting event="app.startup" subsystem="server" outcome="started" pid=6952
2026-08-31T21:51:48.945561Z  INFO herdr::server::headless: client connected client_id=2 cols=128 rows=26 cell_width_px=0 cell_height_px=0 render_encoding=SemanticFrame
2026-08-31T21:53:10.060112Z  INFO herdr::server::headless: client resize client_id=2 cols=60 rows=26 cell_width_px=0 cell_height_px=0
2026-08-31T21:53:52.965299Z  INFO herdr::server::headless: client resize client_id=2 cols=80 rows=24 cell_width_px=0 cell_height_px=0
2026-08-31T21:53:52.981147Z  INFO herdr::server::headless: client detached client_id=2
2026-08-31T21:53:52.981434Z  INFO herdr::server::headless: client disconnected client_id=2
2026-08-31T21:55:10.704095Z  INFO herdr::server::headless: client connected client_id=4 cols=128 rows=26 cell_width_px=0 cell_height_px=0 render_encoding=SemanticFrame
2026-08-31T21:55:17.630725Z  INFO herdr::server::headless: client resize client_id=4 cols=60 rows=26 cell_width_px=0 cell_height_px=0
2026-08-31T21:55:21.437434Z  INFO herdr::server::headless: client resize client_id=4 cols=127 rows=26 cell_width_px=0 cell_height_px=0
